instance numbers	homonym (lemma)	pos	Main sentence	gloss 1	gloss 2	EN synset 1	EN synset 2	Target synset 1	Target synset 2	example sentence 1	example sentence 2	example translation 1	example translation 2	F1	F2	homonym label
0 1 2 3 4 5	track	n	They followed the track.	a pair of parallel rails providing a runway for wheels	evidence pointing to a possible solution	track train track railway track railroad track permanent way rail commercial track continuous welded rail continuously welded rail jointed-rail jointed rail jointed track maintenance-of-way maintenance of rail maintenance of way maintenance of way equipment perway portable track rail class rail classification rail joint rail lengths rail speed limit rail track rail tracks rail welding railroad rail railroad track foreman railroad tracks railway lines railway maintenance railway rail railway track maintenance railway tracks ribbon rail ribbon rails superstructure temporary way track banking track machine track machines track maintenance track maintenance equipment track repair trackage train speed limit train tracks waybeam welded rail wheeltimber ğŸ›¤ ğŸ›¤ï¸	lead track trail	Ø±ÛŒÙ„ Ú©ÛŒ Ù¾Ù¹Ø±ÛŒ Ø±ÙŠÙ„ ÙƒÙŠ Ù¾Ù¹Ø±ÙŠ Ø±ÙŠÙ„ÙˆÛ’ Ù„Ø§Ø¦Ù† Ø±ÙŠÙ„ÙˆÛ’ Ù¹Ø±ÙŠÙƒ Ø±ÛŒÙ„ÙˆÛ’ Ù„Ø§Ø¦Ù† Ø±ÛŒÙ„ÙˆÛ’ Ù¹Ø±ÛŒÚ©		The train glided smoothly along the track.	The detective found a crucial track.	Ù¹Ø±ÛŒÙ† Ù¾Ù¹Ø±ÛŒ Ù¾Ø± Ø±ÙˆØ§Ù†ÛŒ Ø³Û’ Ú†Ù„ Ù¾Ú‘ÛŒÛ”	ÚˆÙ¹ÛŒÚ©Ù¹ÛŒÙˆÚ©Ùˆ Ø§ÛŒÚ© Ø§ÛÙ… Ø³Ø±Ø§Øº Ù…Ù„Ø§Û”.	Ù¾Ù¹Ø±ÛŒ	*Ø³Ø±Ø§Øº	D
6 7 8 9 10 11	dribble	v	He had been dribbling constantly.	"propel,"	let saliva drivel from the mouth	dribble carry	drivel slaver slobber dribble slabber drool			He likes to dribble the basketball.	The baby began to dribble with joy.	ÙˆÛ Ø¨Ø§Ø³Ú©Ù¹ Ø¨Ø§Ù„ ÚˆØ±Ø¨Ù„ Ú©Ø±Ù†Ø§ Ù¾Ø³Ù†Ø¯ Ú©Ø±ØªØ§ ÛÛ’.	Ø¨Ú†Û’ Ù†Û’ Ø®ÙˆØ´ÛŒ Ø³Û’ Ø±Ø§Ù„ Ù¹Ù¾Ú©Ø§Ù†Ø§ Ø´Ø±ÙˆØ¹ Ú©Ø± Ø¯ÛŒØ§.	ÚˆØ±Ø¨Ù„	 *Ø±Ø§Ù„ Ù¹Ù¾Ú©Ø§Ù†Ø§	D
12 13 14 15 16 17	dribble	v	The hungry child dribbled all over the football pitch.	"propel,"	let saliva drivel from the mouth	dribble carry	drivel slaver slobber dribble slabber drool			He likes to dribble the basketball.	The baby began to dribble with joy.	ÙˆÛ Ø¨Ø§Ø³Ú©Ù¹ Ø¨Ø§Ù„ ÚˆØ±Ø¨Ù„ Ú©Ø±Ù†Ø§ Ù¾Ø³Ù†Ø¯ Ú©Ø±ØªØ§ ÛÛ’.	Ø¨Ú†Û’ Ù†Û’ Ø®ÙˆØ´ÛŒ Ø³Û’ Ø±Ø§Ù„ Ù¹Ù¾Ú©Ø§Ù†Ø§ Ø´Ø±ÙˆØ¹ Ú©Ø± Ø¯ÛŒØ§.	ÚˆØ±Ø¨Ù„	 *Ø±Ø§Ù„ Ù¹Ù¾Ú©Ø§Ù†Ø§	D
18 19 20 21 22 23	gut	n	The surgeon said the patient had guts like she'd never seen before.	fortitude and determination	the part of the alimentary canal between the stomach and the anus	intestine gut bowel gastrointestinal tract guts alimentary canal digestive tract entrails gi tract intestines	intestine gut bowel gastrointestinal tract guts alimentary canal digestive tract entrails gi tract intestines			She didn't have the guts to stand up.	The doctor examined his gut for issues.	Ø§Ø³ Ú©Û’ Ù¾Ø§Ø³ Ú©Ú¾Ú‘Û’ ÛÙˆÙ†Û’ Ú©ÛŒ ÛÙ…Øª Ù†ÛÛŒÚº ØªÚ¾ÛŒ.	ÚˆØ§Ú©Ù¹Ø± Ù†Û’ Ù…Ø³Ø§Ø¦Ù„ Ø¬Ø§Ù†Ú†Ù†Û’ Ú©Û’ Ù„ÛŒÛ’ Ø§Ø³ Ú©ÛŒ Ø¢Ù†Øª Ú©Ø§ Ù…Ø¹Ø§Ø¦Ù†Û Ú©ÛŒØ§Û”	ÛÙ…Øª	*Ø¢Ù†Øª	D
24 25 26 27 28 29	gut	n	He wasn't sure if his guts could handle the pressure of the situation.	fortitude and determination	the part of the alimentary canal between the stomach and the anus	intestine gut bowel gastrointestinal tract guts alimentary canal digestive tract entrails gi tract intestines	intestine gut bowel gastrointestinal tract guts alimentary canal digestive tract entrails gi tract intestines			She didn't have the guts to stand up.	The doctor examined his gut for issues.	Ø§Ø³ Ú©Û’ Ù¾Ø§Ø³ Ú©Ú¾Ú‘Û’ ÛÙˆÙ†Û’ Ú©ÛŒ ÛÙ…Øª Ù†ÛÛŒÚº ØªÚ¾ÛŒ.	ÚˆØ§Ú©Ù¹Ø± Ù†Û’ Ù…Ø³Ø§Ø¦Ù„ Ø¬Ø§Ù†Ú†Ù†Û’ Ú©Û’ Ù„ÛŒÛ’ Ø§Ø³ Ú©ÛŒ Ø¢Ù†Øª Ú©Ø§ Ù…Ø¹Ø§Ø¦Ù†Û Ú©ÛŒØ§Û”	ÛÙ…Øª	*Ø¢Ù†Øª	D
30 31 32 33 34 35	coach	v	He coached the team all the way to the championship.	"teach and supervise (someone); act as a trainer or coach (to), as in sports"	drive a coach	coach train	coach			The coach trains the players daily.	The coach drove us to the game.	Ú©ÙˆÚ† Ú©Ú¾Ù„Ø§Ú‘ÛŒÙˆÚº Ú©Ùˆ Ø±ÙˆØ²Ø§Ù†Û ØªØ±Ø¨ÛŒØª Ø¯ÛŒØªØ§ ÛÛ’Û”	Ú©ÙˆÚ† ÛÙ…ÛŒÚº Ù…ÛŒÚ† Ú©Û’ Ù„ÛŒÛ’ Ù„Û’ Ú¯ÛŒÛ”	Ú©ÙˆÚ†	 Ú©ÙˆÚ†	N
36 37 38 39 40 41	mean	a	The results of the test were higher in the mean cohort.	approximating the statistical norm or average or expected value	characterized by malice					The test scores are mean for the class.	That was a mean thing to say.	Ø§Ù…ØªØ­Ø§Ù† Ú©Û’ Ù†ØªØ§Ø¦Ø¬ Ú©Ù„Ø§Ø³ Ú©ÛŒ Ø§ÙˆØ³Ø· Ú©Û’ Ù„ÛŒÛ’ Ø®Ø±Ø§Ø¨ ÛÛŒÚºÛ”	ÛŒÛ Ú©ÛÙ†Ø§ Ø¨Ø¯Ø³Ù„ÙˆÚ©ÛŒ ØªÚ¾ÛŒÛ”	*Ø§ÙˆØ³Ø·	Ø¨Ø¯Ø³Ù„ÙˆÚ©ÛŒ	D
42 43 44 45 46 47	sage	n	The sage was very bold.	a mentor in spiritual and philosophical topics who is renowned for profound wisdom	aromatic fresh or dried grey-green leaves used widely as seasoning for meats and fowl and game etc	sage stoic sage sophos sage in stoicism sagdom sage philosophy sages	sage			The sage offered wise counsel to all.	I seasoned the chicken with sage.	Ø­Ú©ÛŒÙ… Ù†Û’ Ø³Ø¨ Ú©Ùˆ Ø¯Ø§Ù†Ø´Ù…Ù†Ø¯ÛŒ Ø³Û’ Ù…Ø´ÙˆØ±Û Ø¯ÛŒØ§	Ù…ÛŒÚº Ù†Û’ Ú†Ú©Ù† Ú©Ùˆ Ø³ÛŒØ¬ Ø³Û’ Ø°Ø§Ø¦Ù‚Û Ø¯Ø§Ø± Ø¨Ù†Ø§ÛŒØ§Û”	Ø­Ú©ÛŒÙ…	*Ø³ÛŒØ¬	D
48 49 50 51 52 53	suit	n	John's morning could hardly have gone much worse; an awful suit had arrived at his front door.	a set of garments (usually including a jacket and trousers or skirt) for outerwear all of the same fabric and color	a comprehensive term for any proceeding in a court of law whereby an individual seeks a legal remedy	suit suit of clothes power suit business suit lounge suit 2-part suit 2-parts suit 3-piece suit 3 part suit americana business suits dress pants interview suit lounge suits men's suit men's suits mens suit menâ€™s suit office suit skirt suit suit-and-tie suit & necktie suit and tie suit pants suit skirt suit trousers suitcoat suite suiting suits tailored suit three-part suit three parts suit three piece suit town suit two-part suit two-parts suit two part suit two parts suit western suit women's suit	lawsuit case suit cause causa legal case court case trial case law court action judicial proceeding legal conflict legal dispute legal issue civil actions civil case civil complaint civil court case civil courts civil lawsuit civil suits filed suit judicial proceedings law suit law suits lawsuits legal battle legal battles litigants litigate litigated litigates litigating litigations litigators litigious satellite litigation sued suing suit in law	Ø³ÙˆÙ¹ Ø³ÙˆÙ¹	Ø­Ú©Ù… Ø§Ù…ØªÙ†Ø§Ø¹ÛŒ Ø¯Ø¹ÙˆÛŒÙ° Ù…ÙÙ‚ÙØ¯ÙÙ‘Ù…ÙÛ	He wore a tailored suit to the event.	They filed a suit for damages.	Ø§Ø³ Ù†Û’ Ø§Ø³ ØªÙ‚Ø±ÛŒØ¨ Ú©Û’ Ù„Ø¦Û’ Ø§ÛŒÚ© Ù…ÙˆØ²ÙˆÚº Ø³ÙˆÙ¹ Ù¾ÛÙ†Ø§.	Ø§Ù†ÛÙˆÚº Ù†Û’ Ù†Ù‚ØµØ§Ù†Ø§Øª Ú©Û’ Ù„Ø¦Û’ Ù…Ù‚Ø¯Ù…Û Ø¯Ø§Ø¦Ø± Ú©ÛŒØ§.	Ø³ÙˆÙ¹	Ù…Ù‚Ø¯Ù…Û	D
54 55 56 57 58 59	suit	n	He had many suits last year.	a set of garments (usually including a jacket and trousers or skirt) for outerwear all of the same fabric and color	a comprehensive term for any proceeding in a court of law whereby an individual seeks a legal remedy	suit suit of clothes power suit business suit lounge suit 2-part suit 2-parts suit 3-piece suit 3 part suit americana business suits dress pants interview suit lounge suits men's suit men's suits mens suit menâ€™s suit office suit skirt suit suit-and-tie suit & necktie suit and tie suit pants suit skirt suit trousers suitcoat suite suiting suits tailored suit three-part suit three parts suit three piece suit town suit two-part suit two-parts suit two part suit two parts suit western suit women's suit	lawsuit case suit cause causa legal case court case trial case law court action judicial proceeding legal conflict legal dispute legal issue civil actions civil case civil complaint civil court case civil courts civil lawsuit civil suits filed suit judicial proceedings law suit law suits lawsuits legal battle legal battles litigants litigate litigated litigates litigating litigations litigators litigious satellite litigation sued suing suit in law	Ø³ÙˆÙ¹ Ø³ÙˆÙ¹	Ø­Ú©Ù… Ø§Ù…ØªÙ†Ø§Ø¹ÛŒ Ø¯Ø¹ÙˆÛŒÙ° Ù…ÙÙ‚ÙØ¯ÙÙ‘Ù…ÙÛ	He wore a tailored suit to the event.	They filed a suit for damages.	Ø§Ø³ Ù†Û’ Ø§Ø³ ØªÙ‚Ø±ÛŒØ¨ Ú©Û’ Ù„Ø¦Û’ Ø§ÛŒÚ© Ù…ÙˆØ²ÙˆÚº Ø³ÙˆÙ¹ Ù¾ÛÙ†Ø§.	Ø§Ù†ÛÙˆÚº Ù†Û’ Ù†Ù‚ØµØ§Ù†Ø§Øª Ú©Û’ Ù„Ø¦Û’ Ù…Ù‚Ø¯Ù…Û Ø¯Ø§Ø¦Ø± Ú©ÛŒØ§.	Ø³ÙˆÙ¹	Ù…Ù‚Ø¯Ù…Û	D
60 61 62 63 64 65	suit	n	The suit made him angry.	a set of garments (usually including a jacket and trousers or skirt) for outerwear all of the same fabric and color	a comprehensive term for any proceeding in a court of law whereby an individual seeks a legal remedy	suit suit of clothes power suit business suit lounge suit 2-part suit 2-parts suit 3-piece suit 3 part suit americana business suits dress pants interview suit lounge suits men's suit men's suits mens suit menâ€™s suit office suit skirt suit suit-and-tie suit & necktie suit and tie suit pants suit skirt suit trousers suitcoat suite suiting suits tailored suit three-part suit three parts suit three piece suit town suit two-part suit two-parts suit two part suit two parts suit western suit women's suit	lawsuit case suit cause causa legal case court case trial case law court action judicial proceeding legal conflict legal dispute legal issue civil actions civil case civil complaint civil court case civil courts civil lawsuit civil suits filed suit judicial proceedings law suit law suits lawsuits legal battle legal battles litigants litigate litigated litigates litigating litigations litigators litigious satellite litigation sued suing suit in law	Ø³ÙˆÙ¹ Ø³ÙˆÙ¹	Ø­Ú©Ù… Ø§Ù…ØªÙ†Ø§Ø¹ÛŒ Ø¯Ø¹ÙˆÛŒÙ° Ù…ÙÙ‚ÙØ¯ÙÙ‘Ù…ÙÛ	He wore a tailored suit to the event.	They filed a suit for damages.	Ø§Ø³ Ù†Û’ Ø§Ø³ ØªÙ‚Ø±ÛŒØ¨ Ú©Û’ Ù„Ø¦Û’ Ø§ÛŒÚ© Ù…ÙˆØ²ÙˆÚº Ø³ÙˆÙ¹ Ù¾ÛÙ†Ø§.	Ø§Ù†ÛÙˆÚº Ù†Û’ Ù†Ù‚ØµØ§Ù†Ø§Øª Ú©Û’ Ù„Ø¦Û’ Ù…Ù‚Ø¯Ù…Û Ø¯Ø§Ø¦Ø± Ú©ÛŒØ§.	Ø³ÙˆÙ¹	Ù…Ù‚Ø¯Ù…Û	D
66 67 68 69 70 71	suit	n	The suits became costly.	a set of garments (usually including a jacket and trousers or skirt) for outerwear all of the same fabric and color	a comprehensive term for any proceeding in a court of law whereby an individual seeks a legal remedy	suit suit of clothes power suit business suit lounge suit 2-part suit 2-parts suit 3-piece suit 3 part suit americana business suits dress pants interview suit lounge suits men's suit men's suits mens suit menâ€™s suit office suit skirt suit suit-and-tie suit & necktie suit and tie suit pants suit skirt suit trousers suitcoat suite suiting suits tailored suit three-part suit three parts suit three piece suit town suit two-part suit two-parts suit two part suit two parts suit western suit women's suit	lawsuit case suit cause causa legal case court case trial case law court action judicial proceeding legal conflict legal dispute legal issue civil actions civil case civil complaint civil court case civil courts civil lawsuit civil suits filed suit judicial proceedings law suit law suits lawsuits legal battle legal battles litigants litigate litigated litigates litigating litigations litigators litigious satellite litigation sued suing suit in law	Ø³ÙˆÙ¹ Ø³ÙˆÙ¹	Ø­Ú©Ù… Ø§Ù…ØªÙ†Ø§Ø¹ÛŒ Ø¯Ø¹ÙˆÛŒÙ° Ù…ÙÙ‚ÙØ¯ÙÙ‘Ù…ÙÛ	He wore a tailored suit to the event.	They filed a suit for damages.	Ø§Ø³ Ù†Û’ Ø§Ø³ ØªÙ‚Ø±ÛŒØ¨ Ú©Û’ Ù„Ø¦Û’ Ø§ÛŒÚ© Ù…ÙˆØ²ÙˆÚº Ø³ÙˆÙ¹ Ù¾ÛÙ†Ø§.	Ø§Ù†ÛÙˆÚº Ù†Û’ Ù†Ù‚ØµØ§Ù†Ø§Øª Ú©Û’ Ù„Ø¦Û’ Ù…Ù‚Ø¯Ù…Û Ø¯Ø§Ø¦Ø± Ú©ÛŒØ§.	Ø³ÙˆÙ¹	Ù…Ù‚Ø¯Ù…Û	D
72 73 74 75 76 77	suit	n	"The suits were interesting, to say the least."	a set of garments (usually including a jacket and trousers or skirt) for outerwear all of the same fabric and color	a comprehensive term for any proceeding in a court of law whereby an individual seeks a legal remedy	suit suit of clothes power suit business suit lounge suit 2-part suit 2-parts suit 3-piece suit 3 part suit americana business suits dress pants interview suit lounge suits men's suit men's suits mens suit menâ€™s suit office suit skirt suit suit-and-tie suit & necktie suit and tie suit pants suit skirt suit trousers suitcoat suite suiting suits tailored suit three-part suit three parts suit three piece suit town suit two-part suit two-parts suit two part suit two parts suit western suit women's suit	lawsuit case suit cause causa legal case court case trial case law court action judicial proceeding legal conflict legal dispute legal issue civil actions civil case civil complaint civil court case civil courts civil lawsuit civil suits filed suit judicial proceedings law suit law suits lawsuits legal battle legal battles litigants litigate litigated litigates litigating litigations litigators litigious satellite litigation sued suing suit in law	Ø³ÙˆÙ¹ Ø³ÙˆÙ¹	Ø­Ú©Ù… Ø§Ù…ØªÙ†Ø§Ø¹ÛŒ Ø¯Ø¹ÙˆÛŒÙ° Ù…ÙÙ‚ÙØ¯ÙÙ‘Ù…ÙÛ	He wore a tailored suit to the event.	They filed a suit for damages.	Ø§Ø³ Ù†Û’ Ø§Ø³ ØªÙ‚Ø±ÛŒØ¨ Ú©Û’ Ù„Ø¦Û’ Ø§ÛŒÚ© Ù…ÙˆØ²ÙˆÚº Ø³ÙˆÙ¹ Ù¾ÛÙ†Ø§.	Ø§Ù†ÛÙˆÚº Ù†Û’ Ù†Ù‚ØµØ§Ù†Ø§Øª Ú©Û’ Ù„Ø¦Û’ Ù…Ù‚Ø¯Ù…Û Ø¯Ø§Ø¦Ø± Ú©ÛŒØ§.	Ø³ÙˆÙ¹	Ù…Ù‚Ø¯Ù…Û	D
78 79 80 81 82 83	star	n	He looked forward to seeing the stars.	(astronomy) a celestial body of hot gases that radiates energy derived from thermonuclear reactions in the interior	an actor who plays a principal role	star stars celestial star celestial stars the stars æ’æ˜Ÿ intermediate-mass star intermediate mass star intermediate mass stars intermediate star massive star star fission stellar diameter stellar radius stellum	star lead principal	Ø³ØªØ§Ø±Û stellar Ø³ØªØ§Ø±ÙˆÙŠ Ø³ØªØ§Ø±ÙˆÚº Ø³ØªØ§Ø±ÙˆÛŒ Ø³ØªØ§Ø±Û’ Ù†Ø¬Ù…ÙŠ Ù†Ø¬Ù…ÛŒ		The star shone brightly in the sky.	The star delivered an outstanding performance.	Ø³ØªØ§Ø±Û Ø¢Ø³Ù…Ø§Ù† Ù…ÛŒÚº Ú†Ù…Ú© Ø±ÛØ§ ØªÚ¾Ø§Û”	Ø³Ù¹Ø§Ø± Ù†Û’ Ø´Ø§Ù†Ø¯Ø§Ø± Ú©Ø§Ø±Ú©Ø±Ø¯Ú¯ÛŒ Ú©Ø§ Ù…Ø¸Ø§ÛØ±Û Ú©ÛŒØ§Û”	Ø³ØªØ§Ø±Û	*Ø³Ù¹Ø§Ø±	N
84 85 86 87 88 89	star	n	It was clear which one was the outstanding star.	(astronomy) a celestial body of hot gases that radiates energy derived from thermonuclear reactions in the interior	an actor who plays a principal role	star stars celestial star celestial stars the stars æ’æ˜Ÿ intermediate-mass star intermediate mass star intermediate mass stars intermediate star massive star star fission stellar diameter stellar radius stellum	star lead principal	Ø³ØªØ§Ø±Û stellar Ø³ØªØ§Ø±ÙˆÙŠ Ø³ØªØ§Ø±ÙˆÚº Ø³ØªØ§Ø±ÙˆÛŒ Ø³ØªØ§Ø±Û’ Ù†Ø¬Ù…ÙŠ Ù†Ø¬Ù…ÛŒ		The star shone brightly in the sky.	The star delivered an outstanding performance.	Ø³ØªØ§Ø±Û Ø¢Ø³Ù…Ø§Ù† Ù…ÛŒÚº Ú†Ù…Ú© Ø±ÛØ§ ØªÚ¾Ø§Û”	Ø³Ù¹Ø§Ø± Ù†Û’ Ø´Ø§Ù†Ø¯Ø§Ø± Ú©Ø§Ø±Ú©Ø±Ø¯Ú¯ÛŒ Ú©Ø§ Ù…Ø¸Ø§ÛØ±Û Ú©ÛŒØ§Û”	Ø³ØªØ§Ø±Û	*Ø³Ù¹Ø§Ø±	N
90 91 92 93 94 95	reservation	n	The couple went to their reservation.	a district that is reserved for particular purpose	the act of reserving (a place or passage) or engaging the services of (a person or group)	reserve reservation	booking reservation			The tribe established a new reservation.	I made a reservation for dinner.	Ù‚Ø¨ÛŒÙ„Û’ Ù†Û’ Ø§ÛŒÚ© Ù†ÛŒØ§ Ø¹Ù„Ø§Ù‚Û Ù‚Ø§Ø¦Ù… Ú©ÛŒØ§Û”	Ù…ÛŒÚº Ù†Û’ Ø±Ø§Øª Ú©Û’ Ú©Ú¾Ø§Ù†Û’ Ú©Û’ Ù„ÛŒÛ’ Ø¨Ú©Ù†Ú¯ Ú©Ø±ÙˆØ§Ø¦ÛŒÛ”	*Ø¹Ù„Ø§Ù‚Û	Ø¨Ú©Ù†Ú¯	D
96 97 98 99 100 101	reservation	n	"She agreed to join them for the dinner, but only after making a reservation."	the act of reserving (a place or passage) or engaging the services of (a person or group)	a statement that limits or restricts some claim	booking reservation	reservation qualification			I made a reservation for dinner.	I support her proposal with no reservations.	Ù…ÛŒÚº Ù†Û’ Ø±Ø§Øª Ú©Û’ Ú©Ú¾Ø§Ù†Û’ Ú©Û’ Ù„ÛŒÛ’ Ø¨Ú©Ù†Ú¯ Ú©Ø±ÙˆØ§Ø¦ÛŒÛ”	Ù…ÛŒÚº Ø§Ø³ Ú©ÛŒ ØªØ¬ÙˆÛŒØ² Ú©ÛŒ Ø¨ØºÛŒØ± Ú©Ø³ÛŒ ØªØ­ÙØ¸Ø§Øª Ú©Û’ Ø­Ù…Ø§ÛŒØª Ú©Ø±ØªØ§ ÛÙˆÚºÛ”	Ø¨Ú©Ù†Ú¯	ØªØ­ÙØ¸Ø§Øª	D
102 103 104 105 106 107	reservation	n	They both had reservations about staying at the hotel.	an unstated doubt that prevents you from accepting something wholeheartedly	the act of reserving (a place or passage) or engaging the services of (a person or group)	mental reservation reservation arriere pensee	booking reservation			She accepted the offer with some reservation.	I made a reservation for dinner.	Ø§Ø³ Ù†Û’ Ú©Ú†Ú¾ ØªØ­ÙØ¸Ø§Øª Ú©Û’ Ø³Ø§ØªÚ¾ Ù¾ÛŒØ´Ú©Ø´ Ù‚Ø¨ÙˆÙ„ Ú©ÛŒÛ”	Ù…ÛŒÚº Ù†Û’ Ø±Ø§Øª Ú©Û’ Ú©Ú¾Ø§Ù†Û’ Ú©Û’ Ù„ÛŒÛ’ Ø¨Ú©Ù†Ú¯ Ú©Ø±ÙˆØ§Ø¦ÛŒÛ”	ØªØ­ÙØ¸Ø§Øª	Ø¨Ú©Ù†Ú¯	D
108 109 110 111 112 113	reservation	n	The guy on the bus told him about his reservations.	an unstated doubt that prevents you from accepting something wholeheartedly	the act of reserving (a place or passage) or engaging the services of (a person or group)	mental reservation reservation arriere pensee	booking reservation			She accepted the offer with some reservation.	I made a reservation for dinner.	Ø§Ø³ Ù†Û’ Ú©Ú†Ú¾ ØªØ­ÙØ¸Ø§Øª Ú©Û’ Ø³Ø§ØªÚ¾ Ù¾ÛŒØ´Ú©Ø´ Ù‚Ø¨ÙˆÙ„ Ú©ÛŒÛ”	Ù…ÛŒÚº Ù†Û’ Ø±Ø§Øª Ú©Û’ Ú©Ú¾Ø§Ù†Û’ Ú©Û’ Ù„ÛŒÛ’ Ø¨Ú©Ù†Ú¯ Ú©Ø±ÙˆØ§Ø¦ÛŒÛ”	ØªØ­ÙØ¸Ø§Øª	Ø¨Ú©Ù†Ú¯	D
114 115 116 117 118 119	reservation	n	They had reservations but still continued despite the situation.	an unstated doubt that prevents you from accepting something wholeheartedly	the act of reserving (a place or passage) or engaging the services of (a person or group)	mental reservation reservation arriere pensee	booking reservation			She accepted the offer with some reservation.	I made a reservation for dinner.	Ø§Ø³ Ù†Û’ Ú©Ú†Ú¾ ØªØ­ÙØ¸Ø§Øª Ú©Û’ Ø³Ø§ØªÚ¾ Ù¾ÛŒØ´Ú©Ø´ Ù‚Ø¨ÙˆÙ„ Ú©ÛŒÛ”	Ù…ÛŒÚº Ù†Û’ Ø±Ø§Øª Ú©Û’ Ú©Ú¾Ø§Ù†Û’ Ú©Û’ Ù„ÛŒÛ’ Ø¨Ú©Ù†Ú¯ Ú©Ø±ÙˆØ§Ø¦ÛŒÛ”	ØªØ­ÙØ¸Ø§Øª	Ø¨Ú©Ù†Ú¯	D
120 121 122 123 124 125	downhill	r	"The market has been downhill lately, and this is really affecting John."	toward a lower or inferior state	toward the bottom of a hill	downhill	downhill			His health has been going downhill lately.	The bike raced downhill with speed.	Ø§Ù† Ú©ÛŒ ØµØ­Øª Ø­Ø§Ù„ÛŒÛ Ø¯Ù†ÙˆÚº Ù…ÛŒÚº Ø®Ø±Ø§Ø¨ ÛÙˆ Ø±ÛÛŒ ÛÛ’Û”	Ù…ÙˆÙ¹Ø± Ø³Ø§Ø¦ÛŒÚ©Ù„ ØªÛŒØ²ÛŒ Ø³Û’ ÚˆÚ¾Ù„Ø§Ù† Ù¾Ø± Ù†ÛŒÚ†Û’ Ú¯Ø¦ÛŒÛ”	Ø®Ø±Ø§Ø¨	*ÚˆÚ¾Ù„Ø§Ù†	D
126 127 128 129 130 131	downhill	r	Things were going downhill.	toward the bottom of a hill	toward a lower or inferior state	downhill	downhill			The bike raced downhill with speed.	His health has been going downhill lately.	Ù…ÙˆÙ¹Ø± Ø³Ø§Ø¦ÛŒÚ©Ù„ ØªÛŒØ²ÛŒ Ø³Û’ ÚˆÚ¾Ù„Ø§Ù† Ù¾Ø± Ù†ÛŒÚ†Û’ Ú¯Ø¦ÛŒÛ”	Ø§Ù† Ú©ÛŒ ØµØ­Øª Ø­Ø§Ù„ÛŒÛ Ø¯Ù†ÙˆÚº Ù…ÛŒÚº Ø®Ø±Ø§Ø¨ ÛÙˆ Ø±ÛÛŒ ÛÛ’Û”	*ÚˆÚ¾Ù„Ø§Ù†	Ø®Ø±Ø§Ø¨	D
132 133 134 135 136 137	downhill	r	He started going downhill after leaving home.	toward a lower or inferior state	toward the bottom of a hill	downhill	downhill			His health has been going downhill lately.	The bike raced downhill with speed.	Ø§Ù† Ú©ÛŒ ØµØ­Øª Ø­Ø§Ù„ÛŒÛ Ø¯Ù†ÙˆÚº Ù…ÛŒÚº Ø®Ø±Ø§Ø¨ ÛÙˆ Ø±ÛÛŒ ÛÛ’Û”	Ù…ÙˆÙ¹Ø± Ø³Ø§Ø¦ÛŒÚ©Ù„ ØªÛŒØ²ÛŒ Ø³Û’ ÚˆÚ¾Ù„Ø§Ù† Ù¾Ø± Ù†ÛŒÚ†Û’ Ú¯Ø¦ÛŒÛ”	Ø®Ø±Ø§Ø¨	*ÚˆÚ¾Ù„Ø§Ù†	D
138 139 140 141 142 143	downhill	r	They didn't realize how fast it would all go downhill.	toward a lower or inferior state	toward the bottom of a hill	downhill	downhill			His health has been going downhill lately.	The bike raced downhill with speed.	Ø§Ù† Ú©ÛŒ ØµØ­Øª Ø­Ø§Ù„ÛŒÛ Ø¯Ù†ÙˆÚº Ù…ÛŒÚº Ø®Ø±Ø§Ø¨ ÛÙˆ Ø±ÛÛŒ ÛÛ’Û”	Ù…ÙˆÙ¹Ø± Ø³Ø§Ø¦ÛŒÚ©Ù„ ØªÛŒØ²ÛŒ Ø³Û’ ÚˆÚ¾Ù„Ø§Ù† Ù¾Ø± Ù†ÛŒÚ†Û’ Ú¯Ø¦ÛŒÛ”	Ø®Ø±Ø§Ø¨	*ÚˆÚ¾Ù„Ø§Ù†	D
144 145 146 147 148 149	downhill	r	The restaurant has gone downhill since moving sites.	toward a lower or inferior state	toward the bottom of a hill	downhill	downhill			His health has been going downhill lately.	The bike raced downhill with speed.	Ø§Ù† Ú©ÛŒ ØµØ­Øª Ø­Ø§Ù„ÛŒÛ Ø¯Ù†ÙˆÚº Ù…ÛŒÚº Ø®Ø±Ø§Ø¨ ÛÙˆ Ø±ÛÛŒ ÛÛ’Û”	Ù…ÙˆÙ¹Ø± Ø³Ø§Ø¦ÛŒÚ©Ù„ ØªÛŒØ²ÛŒ Ø³Û’ ÚˆÚ¾Ù„Ø§Ù† Ù¾Ø± Ù†ÛŒÚ†Û’ Ú¯Ø¦ÛŒÛ”	Ø®Ø±Ø§Ø¨	*ÚˆÚ¾Ù„Ø§Ù†	D
150 151 152 153 154 155	fallout	n	The fallout was an impressive sight to behold.	the radioactive particles that settle to the ground after a nuclear explosion	any adverse and unwanted secondary effect	fallout radioactive fallout radioactive dust nuclear fallout fall out nuclear dust nuclear fallouts nuclear snow radioactive cloud radiological fallout the seven ten rule	side effect fallout			The fallout from the explosion contaminated nearby soil.	The scandal had significant financial fallout.	Ø¯Ú¾Ù…Ø§Ú©Û’ Ú©ÛŒ ØªØ§Ø¨Ú©Ø§Ø±ÛŒ Ù†Û’ Ù‚Ø±ÛŒØ¨ÛŒ Ù…Ù¹ÛŒ Ú©Ùˆ Ø¢Ù„ÙˆØ¯Û Ú©Ø± Ø¯ÛŒØ§Û”	Ø§Ø³ Ø±Ø³ÙˆØ§Ø¦ÛŒ Ú©Û’ Ù…Ø§Ù„ÛŒ Ø§Ø«Ø±Ø§Øª Ø¨ÛØª Ø²ÛŒØ§Ø¯Û ØªÚ¾Û’Û”	*ØªØ§Ø¨Ú©Ø§Ø±ÛŒ	Ø§Ø«Ø±Ø§Øª	D
156 157 158 159 160 161	fallout	n	There was a lot of fallout from the whole situation.	the radioactive particles that settle to the ground after a nuclear explosion	any adverse and unwanted secondary effect	fallout radioactive fallout radioactive dust nuclear fallout fall out nuclear dust nuclear fallouts nuclear snow radioactive cloud radiological fallout the seven ten rule	side effect fallout			The fallout from the explosion contaminated nearby soil.	The scandal had significant financial fallout.	Ø¯Ú¾Ù…Ø§Ú©Û’ Ú©ÛŒ ØªØ§Ø¨Ú©Ø§Ø±ÛŒ Ù†Û’ Ù‚Ø±ÛŒØ¨ÛŒ Ù…Ù¹ÛŒ Ú©Ùˆ Ø¢Ù„ÙˆØ¯Û Ú©Ø± Ø¯ÛŒØ§Û”	Ø§Ø³ Ø±Ø³ÙˆØ§Ø¦ÛŒ Ú©Û’ Ù…Ø§Ù„ÛŒ Ø§Ø«Ø±Ø§Øª Ø¨ÛØª Ø²ÛŒØ§Ø¯Û ØªÚ¾Û’Û”	*ØªØ§Ø¨Ú©Ø§Ø±ÛŒ	Ø§Ø«Ø±Ø§Øª	D
162 163 164 165 166 167	underground	a	The underground system is one of the best.	under the level of the ground	conducted with or marked by hidden aims or methods					The underground pipes need maintenance soon.	They organized an underground movement for reform.	Ø²ÛŒØ± Ø²Ù…ÛŒÙ† Ù¾Ø§Ø¦Ù¾ÙˆÚº Ú©Ùˆ Ø¬Ù„Ø¯ ÛÛŒ Ø¯ÛŒÚ©Ú¾ Ø¨Ú¾Ø§Ù„ Ú©ÛŒ Ø¶Ø±ÙˆØ±Øª ÛÛ’.	Ø§Ù†ÛÙˆÚº Ù†Û’ Ø§ØµÙ„Ø§Ø­Ø§Øª Ú©Û’ Ù„ÛŒÛ’ Ø§ÛŒÚ© Ø®ÙÛŒÛ ØªØ­Ø±ÛŒÚ© ØªØ´Ú©ÛŒÙ„ Ø¯ÛŒÛ”	Ø²ÛŒØ± Ø²Ù…ÛŒÙ†	Ø®ÙÛŒÛ	D
168 169 170 171 172 173	underground	a	There was a suggestion that they should move underground for the next stage of the process.	under the level of the ground	conducted with or marked by hidden aims or methods					The underground pipes need maintenance soon.	They organized an underground movement for reform.	Ø²ÛŒØ± Ø²Ù…ÛŒÙ† Ù¾Ø§Ø¦Ù¾ÙˆÚº Ú©Ùˆ Ø¬Ù„Ø¯ ÛÛŒ Ø¯ÛŒÚ©Ú¾ Ø¨Ú¾Ø§Ù„ Ú©ÛŒ Ø¶Ø±ÙˆØ±Øª ÛÛ’.	Ø§Ù†ÛÙˆÚº Ù†Û’ Ø§ØµÙ„Ø§Ø­Ø§Øª Ú©Û’ Ù„ÛŒÛ’ Ø§ÛŒÚ© Ø®ÙÛŒÛ ØªØ­Ø±ÛŒÚ© ØªØ´Ú©ÛŒÙ„ Ø¯ÛŒÛ”	Ø²ÛŒØ± Ø²Ù…ÛŒÙ†	Ø®ÙÛŒÛ	D
174 175 176 177 178 179	hop	n	Ana had lots of hops.	twining perennials having cordate leaves and flowers arranged in conelike spikes; the dried flowers of this plant are used in brewing to add the characteristic bitter taste to beer	the act of hopping; jumping upward or forward (especially on one foot)	hops hop dry hopping hop strobile lupuli flos alpha acid unit beer hops dry-hopping hallertau mittelfrueh hallertau mittelfruh hallertau mittelfrÃ¼h hallertauer mittelfrueh hallertauer mittelfruh hallertauer mittelfrÃ¼h high-alpha hops hop-picking hopped hops oil lupulin noble hop noble hops	hop			The brewer selected fresh hops for flavor.	The frog made a quick hop.	Ø¨Ø±ÛŒÙˆØ± Ù†Û’ Ø°Ø§Ø¦Ù‚Û Ú©Û’ Ù„Ø¦Û’ ØªØ§Ø²Û ÛØ§Ù¾ Ú©Ø§ Ø§Ù†ØªØ®Ø§Ø¨ Ú©ÛŒØ§.	Ù…ÛŒÙ†ÚˆÚ© Ù†Û’ Ø¬Ù„Ø¯ÛŒ Ø³Û’ Ú†Ú¾Ù„Ø§Ù†Ú¯ Ù„Ú¯Ø§ Ø¯ÛŒÛ”	ÛØ§Ù¾	Ú†Ú¾Ù„Ø§Ù†Ú¯	D
180 181 182 183 184 185	flop	v	"After all the preparations, the dancer made an entrance, only to flop on stage."	fall loosely	fail utterly; collapse	flop	fall through fall flat founder flop			She flopped onto the soft couch.	The presentation was a complete flop.	ÙˆÛ Ù†Ø±Ù… ØµÙˆÙÛ’ Ù¾Ø± Ú¯Ø± Ú¯Ø¦ÛŒÛ”	Ø§Ø³ Ú©ÛŒ Ù¾ÛŒØ´Ú©Ø´ Ù…Ú©Ù…Ù„ Ø·ÙˆØ± Ù¾Ø± Ù†Ø§Ú©Ø§Ù… Ø±ÛÛŒ.	*Ú¯Ø±	Ù†Ø§Ú©Ø§Ù…	D
186 187 188 189 190 191	flop	v	"Despite all his practice, his dive at the competition was a flop."	fall loosely	fail utterly; collapse	flop	fall through fall flat founder flop			She flopped onto the soft couch.	The presentation was a complete flop.	ÙˆÛ Ù†Ø±Ù… ØµÙˆÙÛ’ Ù¾Ø± Ú¯Ø± Ú¯Ø¦ÛŒÛ”	Ø§Ø³ Ú©ÛŒ Ù¾ÛŒØ´Ú©Ø´ Ù…Ú©Ù…Ù„ Ø·ÙˆØ± Ù¾Ø± Ù†Ø§Ú©Ø§Ù… Ø±ÛÛŒ.	*Ú¯Ø±	Ù†Ø§Ú©Ø§Ù…	D
192 193 194 195 196 197	fledgling	n	The fledgling has just arrived.	any new participant in some activity	young bird that has just fledged or become capable of flying	newbie newcomer fledgling neophyte entrant fledgeling starter freshman n00b newb noob noobie n00bie nub a noob chobo clueless newbie dumbnub floob inexperienced user n00bcake n00bish n00blet n00bs n00bz0r n0b n0ob nabbo narb newb' newbies newbs no0b noobdom noobelf noobish nooblet nooblie noobo noobs noobstain noobtard nubcake nubcakes nubkins nublet nubumb nubzors st00b what a noob	fledgling fledgeling			The fledgling entrepreneur gained valuable experience.	The fledgling took its first flight.	Ø§Ø³ Ù†ÙˆØ¢Ù…ÙˆØ² Ú©Ø§Ø±ÙˆØ¨Ø§Ø±ÛŒ Ù†Û’ Ù‚ÛŒÙ…ØªÛŒ ØªØ¬Ø±Ø¨Û Ø­Ø§ØµÙ„ Ú©ÛŒØ§Û”	Ù†Ù†Ú¾Û’ Ù¾Ø±Ù†Ø¯Û’ Ù†Û’ Ø§Ù¾Ù†ÛŒ Ù¾ÛÙ„ÛŒ Ø§Ú‘Ø§Ù† Ø¨Ú¾Ø±ÛŒÛ”	*Ù†ÙˆØ¢Ù…ÙˆØ²	*Ù†Ù†Ú¾Û’ Ù¾Ø±Ù†Ø¯Û’	D
198 199 200 201 202 203	fledgling	n	"The fledgling wobbled uncertainly on the edge, eyeing the vast world ahead."	any new participant in some activity	young bird that has just fledged or become capable of flying	newbie newcomer fledgling neophyte entrant fledgeling starter freshman n00b newb noob noobie n00bie nub a noob chobo clueless newbie dumbnub floob inexperienced user n00bcake n00bish n00blet n00bs n00bz0r n0b n0ob nabbo narb newb' newbies newbs no0b noobdom noobelf noobish nooblet nooblie noobo noobs noobstain noobtard nubcake nubcakes nubkins nublet nubumb nubzors st00b what a noob	fledgling fledgeling			The fledgling entrepreneur gained valuable experience.	The fledgling took its first flight.	Ø§Ø³ Ù†ÙˆØ¢Ù…ÙˆØ² Ú©Ø§Ø±ÙˆØ¨Ø§Ø±ÛŒ Ù†Û’ Ù‚ÛŒÙ…ØªÛŒ ØªØ¬Ø±Ø¨Û Ø­Ø§ØµÙ„ Ú©ÛŒØ§Û”	Ù†Ù†Ú¾Û’ Ù¾Ø±Ù†Ø¯Û’ Ù†Û’ Ø§Ù¾Ù†ÛŒ Ù¾ÛÙ„ÛŒ Ø§Ú‘Ø§Ù† Ø¨Ú¾Ø±ÛŒÛ”	*Ù†ÙˆØ¢Ù…ÙˆØ²	*Ù†Ù†Ú¾Û’ Ù¾Ø±Ù†Ø¯Û’	D
204 205 206 207 208 209	draw	v	Drawing water can be quite difficult.	make a mark or lines on a surface	take liquid out of a container or well;	draw trace line describe delineate	draw take out	Ú©Ú¾ÛŒÙ†Ú†Ù†Ø§		Please draw a circle on the paper.	She will draw water from the well.	Ø¨Ø±Ø§Û Ú©Ø±Ù… Ú©Ø§ØºØ° Ù¾Ø± Ø§ÛŒÚ© Ø¯Ø§Ø¦Ø±Û Ø¨Ù†Ø§Ø¦ÛŒÚºÛ”	ÙˆÛ Ú©Ù†ÙˆÛŒÚº Ø³Û’ Ù¾Ø§Ù†ÛŒ Ù†Ú©Ø§Ù„Û’ Ú¯ÛŒÛ”	Ø¨Ù†Ø§Ø¦ÛŒÚº	Ù†Ú©Ø§Ù„Û’	D
210 211 212 213 214 215	draw	v	Sheila was about to draw on the cigarette.	"represent by making a drawing of, as with a pencil, chalk, etc. on a surface"	suck in or take (air)	draw	puff drag draw			She will draw a beautiful landscape.	She took a moment to draw breath.	ÙˆÛ Ø§ÛŒÚ© Ø®ÙˆØ¨ØµÙˆØ±Øª Ù…Ù†Ø¸Ø± Ú©ÛŒ ØªØµÙˆÛŒØ± Ø¨Ù†Ø§Ø¦Û’ Ú¯ÛŒÛ”	Ø§Ø³ Ù†Û’ Ø³Ø§Ù†Ø³ Ù„ÛŒÙ†Û’ Ú©Û’ Ù„Ø¦Û’ Ø§ÛŒÚ© Ù„Ù…Ø­Û Ù„ÛŒØ§.	*Ø¨Ù†Ø§Ø¦Û’	 Ù„ÛŒØ§	D
216 217 218 219 220 221	draw	v	Mark believed he could draw it very quickly.	"bring, take, or pull out of a container or from under a cover"	"represent by making a drawing of, as with a pencil, chalk, etc. on a surface"	draw pull pull out get out take out	draw			He will draw a knife swiftly.	She will draw a beautiful landscape.	ÙˆÛ Ø¬Ù„Ø¯ÛŒ Ø³Û’ Ú†Ø§Ù‚Ùˆ Ù†Ú©Ø§Ù„Û’ Ú¯Ø§Û”	ÙˆÛ Ø§ÛŒÚ© Ø®ÙˆØ¨ØµÙˆØ±Øª Ù…Ù†Ø¸Ø± Ú©ÛŒ ØªØµÙˆÛŒØ± Ø¨Ù†Ø§Ø¦Û’ Ú¯ÛŒÛ”	Ù†Ú©Ø§Ù„Û’	*Ø¨Ù†Ø§Ø¦Û’	D
222 223 224 225 226 227	draw	v	Adam enjoyed drawing a crowd.	"represent by making a drawing of, as with a pencil, chalk, etc. on a surface"	direct toward itself or oneself by means of some psychological power or physical attributes	draw	attract pull draw draw in pull in			She will draw a beautiful landscape.	Her charisma can draw a crowd.	ÙˆÛ Ø§ÛŒÚ© Ø®ÙˆØ¨ØµÙˆØ±Øª Ù…Ù†Ø¸Ø± Ú©ÛŒ ØªØµÙˆÛŒØ± Ø¨Ù†Ø§Ø¦Û’ Ú¯ÛŒÛ”	Ø§Ø³ Ú©Ø§ Ú©Ø±Ø´Ù…Û Ø¨Ú¾ÛŒÚ‘ Ú©Ùˆ Ø§Ù¾Ù†ÛŒ Ø·Ø±Ù Ù…ØªÙˆØ¬Û Ú©Ø±Ø³Ú©ØªØ§ ÛÛ’Û”	*Ø¨Ù†Ø§Ø¦Û’	Ù…ØªÙˆØ¬Û	D
228 229 230 231 232 233	draw	v	"This time, he wasn't easily drawn."	make a mark or lines on a surface	bring or lead someone to a certain action or condition	draw trace line describe delineate	draw	Ú©Ú¾ÛŒÙ†Ú†Ù†Ø§		Please draw a circle on the paper.	He felt drawn to the adventure.	Ø¨Ø±Ø§Û Ú©Ø±Ù… Ú©Ø§ØºØ° Ù¾Ø± Ø§ÛŒÚ© Ø¯Ø§Ø¦Ø±Û Ø¨Ù†Ø§Ø¦ÛŒÚºÛ”	ÙˆÛ Ù…ÛÙ… Ø¬ÙˆØ¦ÛŒ Ú©ÛŒ Ø·Ø±Ù Ù…ØªÙˆØ¬Û ÛÙˆØ§.	Ø¨Ù†Ø§Ø¦ÛŒÚº	Ù…ØªÙˆØ¬Û	D
234 235 236 237 238 239	branch	n	The big branch was very close to where they were staying.	"a division of a stem, or secondary stem arising from the main stem of a plant"	a division of some larger or more complex organization	branch tree branch branchlet branches surculus	branch subdivision arm bank branch banking center banking centre bank merchandising firms financial center financial centre bank branch merchandising bank merchandising branch banking branch merchandising	Ù¹ÛÙ†ÛŒ Ø´Ø§Ø® ÚˆØ§Ù„		The tree's branch swayed gently in the wind.	The committee is part of a larger branch.	Ø¯Ø±Ø®Øª Ú©ÛŒ Ø´Ø§Ø® ÛÙˆØ§ Ù…ÛŒÚº Ø¢ÛØ³ØªÛ Ø³Û’ Ù„ÛØ±Ø§ Ø±ÛÛŒ ØªÚ¾ÛŒÛ”	Ú©Ù…ÛŒÙ¹ÛŒ Ø§ÛŒÚ© Ø¨Ú‘ÛŒ Ø´Ø§Ø® Ú©Ø§ Ø­ØµÛ ÛÛ’.	Ø´Ø§Ø®	Ø´Ø§Ø®	N
240 241 242 243 244 245	fiddle	v	They both decided to fiddle together.	avoid (one's assigned duties)	play the violin or fiddle	fiddle shirk shrink from goldbrick	fiddle			He decided to fiddle with his responsibilities.	She loves to fiddle at night.	Ø§Ø³ Ù†Û’ Ø§Ù¾Ù†ÛŒ Ø°Ù…Û Ø¯Ø§Ø±ÛŒÙˆÚº Ù…ÛŒÚº Ù¹Ø§Ù„ Ù…Ù¹ÙˆÙ„ Ú©Ø±Ù†Û’ Ú©Ø§ ÙÛŒØµÙ„Û Ú©ÛŒØ§Û”	ÙˆÛ Ø±Ø§Øª Ú©Ùˆ ÙˆØ§Ø¦Ù„Ù† Ø¨Ø¬Ø§Ù†Ø§ Ù¾Ø³Ù†Ø¯ Ú©Ø±ØªÛŒ ÛÛ’Û”	* Ù¹Ø§Ù„ Ù…Ù¹ÙˆÙ„	 *ÙˆØ§Ø¦Ù„Ù† Ø¨Ø¬Ø§Ù†Ø§	D
246 247 248 249 250 251	fiddle	v	Can they stop fiddling? It's really irritating and annoying.	avoid (one's assigned duties)	play the violin or fiddle	fiddle shirk shrink from goldbrick	fiddle			He decided to fiddle with his responsibilities.	She loves to fiddle at night.	Ø§Ø³ Ù†Û’ Ø§Ù¾Ù†ÛŒ Ø°Ù…Û Ø¯Ø§Ø±ÛŒÙˆÚº Ù…ÛŒÚº Ù¹Ø§Ù„ Ù…Ù¹ÙˆÙ„ Ú©Ø±Ù†Û’ Ú©Ø§ ÙÛŒØµÙ„Û Ú©ÛŒØ§Û”	ÙˆÛ Ø±Ø§Øª Ú©Ùˆ ÙˆØ§Ø¦Ù„Ù† Ø¨Ø¬Ø§Ù†Ø§ Ù¾Ø³Ù†Ø¯ Ú©Ø±ØªÛŒ ÛÛ’Û”	* Ù¹Ø§Ù„ Ù…Ù¹ÙˆÙ„	 *ÙˆØ§Ø¦Ù„Ù† Ø¨Ø¬Ø§Ù†Ø§	D
252 253 254 255 256 257	fiddle	v	The team was not impressed with Tom's fiddling.	avoid (one's assigned duties)	play the violin or fiddle	fiddle shirk shrink from goldbrick	fiddle			He decided to fiddle with his responsibilities.	She loves to fiddle at night.	Ø§Ø³ Ù†Û’ Ø§Ù¾Ù†ÛŒ Ø°Ù…Û Ø¯Ø§Ø±ÛŒÙˆÚº Ù…ÛŒÚº Ù¹Ø§Ù„ Ù…Ù¹ÙˆÙ„ Ú©Ø±Ù†Û’ Ú©Ø§ ÙÛŒØµÙ„Û Ú©ÛŒØ§Û”	ÙˆÛ Ø±Ø§Øª Ú©Ùˆ ÙˆØ§Ø¦Ù„Ù† Ø¨Ø¬Ø§Ù†Ø§ Ù¾Ø³Ù†Ø¯ Ú©Ø±ØªÛŒ ÛÛ’Û”	* Ù¹Ø§Ù„ Ù…Ù¹ÙˆÙ„	 *ÙˆØ§Ø¦Ù„Ù† Ø¨Ø¬Ø§Ù†Ø§	D
258 259 260 261 262 263	try	v	This will be his third try.	make an effort or attempt	put on trial or hear a case and sit as the judge at the trial of	try attempt seek essay assay endeavour	judge adjudicate try			She will try to finish on time.	The judge will try the case tomorrow.	ÙˆÛ ÙˆÙ‚Øª Ù¾Ø± Ø®ØªÙ… Ú©Ø±Ù†Û’ Ú©ÛŒ Ú©ÙˆØ´Ø´ Ú©Ø±Û’ Ú¯ÛŒÛ”	Ø¬Ø¬ Ú©Ù„ Ú©ÛŒØ³ Ú©ÛŒ Ø³Ù…Ø§Ø¹Øª Ú©Ø±Û’ Ú¯Ø§Û”	Ú©ÙˆØ´Ø´	Ø³Ù…Ø§Ø¹Øª	D
264 265 266 267 268 269	dock	v	Sean was docked pay as soon as he arrived late yesterday.	"deprive someone of benefits, as a penalty"	come into dock	dock	dock			They decided to dock his pay unfairly.	The ship will dock at noon.	Ø§Ù†ÛÙˆÚº Ù†Û’ ÙÛŒØµÙ„Û Ú©ÛŒØ§ Ú©Û Ø§Ø³ Ú©ÛŒ ØªÙ†Ø®ÙˆØ§Û ØºÛŒØ± Ù…Ù†ØµÙØ§Ù†Û Ø·ÙˆØ± Ù¾Ø± Ú©Ø§Ù¹ Ù„ÛŒ Ø¬Ø§Ø¦Û’Û”	Ø¬ÛØ§Ø² Ø¯ÙˆÙ¾ÛØ± Ú©Ùˆ Ù„Ù†Ú¯Ø± Ø§Ù†Ø¯Ø§Ø² ÛÙˆ Ú¯Ø§Û”	*Ú©Ø§Ù¹	*Ù„Ù†Ú¯Ø± Ø§Ù†Ø¯Ø§Ø²	D
270 271 272 273 274 275	tip	v	"After the meal, he accidentally tipped the table on his way out."	cause to topple or tumble by pushing	"give a tip or gratuity to in return for a service, beyond the compensation agreed on"	topple tumble tip	tip fee bung			She gave the vase a gentle tip.	Please remember to tip your server.	Ø§Ø³ Ù†Û’ Ú¯Ù„Ø¯Ø§Ù† Ú©Ùˆ ÛÙ„Ú©Ø§ Ø³Ø§ Ø¯Ú¾Ú©Ø§ Ø¯ÛŒØ§Û”	Ø¨Ø±Ø§Û Ú©Ø±Ù… Ø§Ù¾Ù†Û’ ÙˆÛŒÙ¹Ø± Ú©Ùˆ Ù¹Ù¾ Ø¯ÛŒÙ†Ø§ ÛŒØ§Ø¯ Ø±Ú©Ú¾ÛŒÚºÛ”	*Ø¯Ú¾Ú©Ø§	Ù¹Ù¾	D
276 277 278 279 280 281	tip	n	Those are some small tips over there.	the extreme end of something; especially something pointed	a relatively small amount of money given for services rendered (as by a waiter)	tip	tip gratuity pourboire baksheesh bakshish backsheesh bakshis cumshaw tiá»n bo backshish baksheesh system bakshish system bakshshish-system bucksheesh gratuities table money tipping by region tipping in australia tipping in canada tipping in new zealand tipping in the uk to insure prompt service trinkgeld tronc		Ø¨Ø®Ø´ÛŒØ´	The tip of the spear glimmered.	I left a generous tip for dinner.	Ù†ÛŒØ²Û’ Ú©ÛŒ Ù†ÙˆÚ© Ú†Ù…Ú© Ø±ÛÛŒ ØªÚ¾ÛŒÛ”	Ù…ÛŒÚº Ù†Û’ Ø±Ø§Øª Ú©Û’ Ú©Ú¾Ø§Ù†Û’ Ù¾Ø± Ø§ÛŒÚ© Ø§Ú†Ú¾ÛŒ Ù¹Ù¾ Ú†Ú¾ÙˆÚ‘ÛŒÛ”	*Ù†ÙˆÚ©	Ù¹Ù¾	D
282 283 284 285 286 287	tip	n	There were some decent tips to be taken advantage of.	a relatively small amount of money given for services rendered (as by a waiter)	an indication of potential opportunity	tip gratuity pourboire baksheesh bakshish backsheesh bakshis cumshaw tiá»n bo backshish baksheesh system bakshish system bakshshish-system bucksheesh gratuities table money tipping by region tipping in australia tipping in canada tipping in new zealand tipping in the uk to insure prompt service trinkgeld tronc	lead hint tip steer confidential information wind	Ø¨Ø®Ø´ÛŒØ´		I left a generous tip for dinner.	He received a tip about the stock.	Ù…ÛŒÚº Ù†Û’ Ø±Ø§Øª Ú©Û’ Ú©Ú¾Ø§Ù†Û’ Ù¾Ø± Ø§ÛŒÚ© Ø§Ú†Ú¾ÛŒ Ù¹Ù¾ Ú†Ú¾ÙˆÚ‘ÛŒÛ”	Ø§Ø³Û’ Ø§Ø³Ù¹Ø§Ú© Ú©Û’ Ø¨Ø§Ø±Û’ Ù…ÛŒÚº Ø®ÙÛŒÛ Ø§Ø·Ù„Ø§Ø¹ Ù…Ù„ÛŒÛ” 	Ù¹Ù¾	*Ø®ÙÛŒÛ Ø§Ø·Ù„Ø§Ø¹	D
288 289 290 291 292 293	tip	n	"After the meal, he shared some valued tips with the waiter."	a relatively small amount of money given for services rendered (as by a waiter)	an indication of potential opportunity	tip gratuity pourboire baksheesh bakshish backsheesh bakshis cumshaw tiá»n bo backshish baksheesh system bakshish system bakshshish-system bucksheesh gratuities table money tipping by region tipping in australia tipping in canada tipping in new zealand tipping in the uk to insure prompt service trinkgeld tronc	lead hint tip steer confidential information wind	Ø¨Ø®Ø´ÛŒØ´		I left a generous tip for dinner.	He received a tip about the stock.	Ù…ÛŒÚº Ù†Û’ Ø±Ø§Øª Ú©Û’ Ú©Ú¾Ø§Ù†Û’ Ù¾Ø± Ø§ÛŒÚ© Ø§Ú†Ú¾ÛŒ Ù¹Ù¾ Ú†Ú¾ÙˆÚ‘ÛŒÛ”	Ø§Ø³Û’ Ø§Ø³Ù¹Ø§Ú© Ú©Û’ Ø¨Ø§Ø±Û’ Ù…ÛŒÚº Ø®ÙÛŒÛ Ø§Ø·Ù„Ø§Ø¹ Ù…Ù„ÛŒÛ” 	Ù¹Ù¾	*Ø®ÙÛŒÛ Ø§Ø·Ù„Ø§Ø¹	D
294 295 296 297 298 299	tip	n	Anna was thrilled when she received a really good tip from Adam.	a relatively small amount of money given for services rendered (as by a waiter)	an indication of potential opportunity	tip gratuity pourboire baksheesh bakshish backsheesh bakshis cumshaw tiá»n bo backshish baksheesh system bakshish system bakshshish-system bucksheesh gratuities table money tipping by region tipping in australia tipping in canada tipping in new zealand tipping in the uk to insure prompt service trinkgeld tronc	lead hint tip steer confidential information wind	Ø¨Ø®Ø´ÛŒØ´		I left a generous tip for dinner.	He received a tip about the stock.	Ù…ÛŒÚº Ù†Û’ Ø±Ø§Øª Ú©Û’ Ú©Ú¾Ø§Ù†Û’ Ù¾Ø± Ø§ÛŒÚ© Ø§Ú†Ú¾ÛŒ Ù¹Ù¾ Ú†Ú¾ÙˆÚ‘ÛŒÛ”	Ø§Ø³Û’ Ø§Ø³Ù¹Ø§Ú© Ú©Û’ Ø¨Ø§Ø±Û’ Ù…ÛŒÚº Ø®ÙÛŒÛ Ø§Ø·Ù„Ø§Ø¹ Ù…Ù„ÛŒÛ” 	Ù¹Ù¾	*Ø®ÙÛŒÛ Ø§Ø·Ù„Ø§Ø¹	D
300 301 302 303 304 305	comfortable	a	David did not feel comfortable in his new house.	providing or experiencing physical well-being or relief ('comfy' is informal)	free from stress or conducive to mental ease; having or affording peace of mind	comfortable comfy agreeable expedient	comfortable	Ø¢Ø±Ø§Ù… Ø¯Û Ø³Ú©ÙˆÙ† Ø¯Û		She wore comfortable shoes for walking.	She felt comfortable in her new role.	Ø§Ø³ Ù†Û’ Ú†Ù„Ù†Û’ Ú©Û’ Ù„ÛŒÛ’ Ø¢Ø±Ø§Ù… Ø¯Û Ø¬ÙˆØªÛ’ Ù¾ÛÙ†Û’Û”	ÙˆÛ Ø§Ù¾Ù†Û’ Ù†Ø¦Û’ Ú©Ø±Ø¯Ø§Ø± Ù…ÛŒÚº Ù¾Ø± Ø³Ú©ÙˆÙ† Ù…Ø­Ø³ÙˆØ³ Ú©Ø±ØªÛŒ ØªÚ¾ÛŒÛ”	Ø¢Ø±Ø§Ù… Ø¯Û	 *Ù¾Ø± Ø³Ú©ÙˆÙ†	D
306 307 308 309 310 311	blaze	n	The blaze could only worsen.	a strong flame that burns brightly	a cause of difficulty and suffering	blazing blaze	hell blaze			The blaze illuminated the dark night.	The blaze of war devastated the region.	Ø¢Ú¯ Ù†Û’ Ø§Ù†Ø¯Ú¾ÛŒØ±ÛŒ Ø±Ø§Øª Ú©Ùˆ Ø±ÙˆØ´Ù† Ú©ÛŒØ§.	Ø¬Ù†Ú¯ Ú©ÛŒ Ø¢Ú¯ Ù†Û’ Ø®Ø·Û’ Ú©Ùˆ ØªØ¨Ø§Û Ú©Ø± Ø¯ÛŒØ§Û”	Ø¢Ú¯	Ø¢Ú¯	N
312 313 314 315 316 317	snort	v	Mary snorted during the last class period.	make a snorting sound by exhaling hard	inhale recreational drugs	snort	huff snort			He snorted in disbelief at the news.	He was caught snorting powder in the bathroom.	Ø§Ø³ Ù†Û’ Ø®Ø¨Ø± Ø³Ù† Ú©Ø± Ø¨Û’ ÛŒÙ‚ÛŒÙ†ÛŒ Ø³Û’ Ù¾Ú¾Ù†Ú©Ø§Ø±Ø§Û”	ÙˆÛ Ø¨Ø§ØªÚ¾ Ø±ÙˆÙ… Ù…ÛŒÚº Ù¾Ø§Ø¤ÚˆØ± Ø³ÙˆÙ†Ú¯Ú¾ØªÛ’ ÛÙˆØ¦Û’ Ù¾Ú©Ú‘Ø§ Ú¯ÛŒØ§Û”	*Ù¾Ú¾Ù†Ú©Ø§Ø±Ø§	*Ø³ÙˆÙ†Ú¯Ú¾ØªÛ’	D
318 319 320 321 322 323	snort	v	He snorted and heard a loud noise from outside.	make a snorting sound by exhaling hard	inhale recreational drugs	snort	huff snort			He snorted in disbelief at the news.	He was caught snorting powder in the bathroom.	Ø§Ø³ Ù†Û’ Ø®Ø¨Ø± Ø³Ù† Ú©Ø± Ø¨Û’ ÛŒÙ‚ÛŒÙ†ÛŒ Ø³Û’ Ù¾Ú¾Ù†Ú©Ø§Ø±Ø§Û”	ÙˆÛ Ø¨Ø§ØªÚ¾ Ø±ÙˆÙ… Ù…ÛŒÚº Ù¾Ø§Ø¤ÚˆØ± Ø³ÙˆÙ†Ú¯Ú¾ØªÛ’ ÛÙˆØ¦Û’ Ù¾Ú©Ú‘Ø§ Ú¯ÛŒØ§Û”	*Ù¾Ú¾Ù†Ú©Ø§Ø±Ø§	*Ø³ÙˆÙ†Ú¯Ú¾ØªÛ’	D
324 325 326 327 328 329	snort	v	"When he leaned over the table and snorted loudly, everyone turned to look at him in shock."	make a snorting sound by exhaling hard	inhale recreational drugs	snort	huff snort			He snorted in disbelief at the news.	He was caught snorting powder in the bathroom.	Ø§Ø³ Ù†Û’ Ø®Ø¨Ø± Ø³Ù† Ú©Ø± Ø¨Û’ ÛŒÙ‚ÛŒÙ†ÛŒ Ø³Û’ Ù¾Ú¾Ù†Ú©Ø§Ø±Ø§Û”	ÙˆÛ Ø¨Ø§ØªÚ¾ Ø±ÙˆÙ… Ù…ÛŒÚº Ù¾Ø§Ø¤ÚˆØ± Ø³ÙˆÙ†Ú¯Ú¾ØªÛ’ ÛÙˆØ¦Û’ Ù¾Ú©Ú‘Ø§ Ú¯ÛŒØ§Û”	*Ù¾Ú¾Ù†Ú©Ø§Ø±Ø§	*Ø³ÙˆÙ†Ú¯Ú¾ØªÛ’	D
330 331 332 333 334 335	bank	n	He would wait for her near the bank.	sloping land (especially the slope beside a body of water)	a building in which the business of banking transacted	bank riverbank beach coast riverside shore stream-bank left bank river banks riverbanks stream bank stream banks stream side streambank streambanks streamside the riverbank	bank bank building			The children played near the riverbank.	She visited the bank to deposit money.	Ø¨Ú†Û’ Ø¯Ø±ÛŒØ§ Ú©Û’ Ú©Ù†Ø§Ø±Û’ Ú©Û’ Ù‚Ø±ÛŒØ¨ Ú©Ú¾ÛŒÙ„Û’Û”	Ø§Ø³ Ù†Û’ Ø±Ù‚Ù… Ø¬Ù…Ø¹ Ú©Ø±ÙˆØ§Ù†Û’ Ú©Û’ Ù„ÛŒÛ’ Ø¨ÛŒÙ†Ú© Ú©Ø§ Ø¯ÙˆØ±Û Ú©ÛŒØ§Û”	Ú©Ù†Ø§Ø±Û’	Ø¨ÛŒÙ†Ú©	D
336 337 338 339 340 341	bank	n	Joe was to meet Peter at the bank that morning.	sloping land (especially the slope beside a body of water)	a building in which the business of banking transacted	bank riverbank beach coast riverside shore stream-bank left bank river banks riverbanks stream bank stream banks stream side streambank streambanks streamside the riverbank	bank bank building			The children played near the riverbank.	She visited the bank to deposit money.	Ø¨Ú†Û’ Ø¯Ø±ÛŒØ§ Ú©Û’ Ú©Ù†Ø§Ø±Û’ Ú©Û’ Ù‚Ø±ÛŒØ¨ Ú©Ú¾ÛŒÙ„Û’Û”	Ø§Ø³ Ù†Û’ Ø±Ù‚Ù… Ø¬Ù…Ø¹ Ú©Ø±ÙˆØ§Ù†Û’ Ú©Û’ Ù„ÛŒÛ’ Ø¨ÛŒÙ†Ú© Ú©Ø§ Ø¯ÙˆØ±Û Ú©ÛŒØ§Û”	Ú©Ù†Ø§Ø±Û’	Ø¨ÛŒÙ†Ú©	D
342 343 344 345 346 347	pay	v	The goons made the man pay.	"give money, usually in exchange for goods or services"	"bear (a cost or penalty), in recompense for some action"	pay	pay	Ø§Ø¯Ø§ Ú©Ø±Ù†Ø§ Ù‚ÛŒÙ…Øª Ø¯ÛŒÙ†Ø§ ÙˆÛŒØªÙ† Ø¯ÛŒÙ†Ø§		I need to pay for the groceries.	He must pay for his reckless behavior.	Ù…Ø¬Ú¾Û’ Ø®Ø±ÛŒØ¯Ø§Ø±ÛŒ Ú©Û’ Ù„Ø¦Û’ Ø§Ø¯Ø§Ø¦ÛŒÚ¯ÛŒ Ú©Ø±Ù†Û’ Ú©ÛŒ Ø¶Ø±ÙˆØ±Øª ÛÛ’.	Ø§Ø³Û’ Ø§Ù¾Ù†Û’ Ù„Ø§Ù¾Ø±ÙˆØ§Û Ø±ÙˆÛŒÛ’ Ú©Ø§ Ø®Ù…ÛŒØ§Ø²Û Ø¨Ú¾Ú¯ØªÙ†Ø§ Ù¾Ú‘Û’ Ú¯Ø§	Ø§Ø¯Ø§Ø¦ÛŒÚ¯ÛŒ	*Ø¨Ú¾Ú¯ØªÙ†Ø§	D
348 349 350 351 352 353	peach	n	That peach over there is grabbing her attention.	downy juicy fruit with sweet yellowish or whitish flesh	a very attractive or seductive looking woman	peach	stunner smasher ravisher mantrap knockout beauty sweetheart peach lulu looker dish			She enjoyed a ripe peach for dessert.	She was a knockout at the party.	Ø§Ø³ Ù†Û’ Ù…ÛŒÙ¹Ú¾Û’ Ù…ÛŒÚº Ù¾Ú©Û’ ÛÙˆØ¦Û’ Ø¢Ú‘Ùˆ Ú©Ø§ Ù„Ø·Ù Ø§Ù¹Ú¾Ø§ÛŒØ§Û”	ÙˆÛ Ù¾Ø§Ø±Ù¹ÛŒ Ù…ÛŒÚº Ø¨ÛØª Ø­Ø³ÛŒÙ† Ù„Ú¯ Ø±ÛÛŒ ØªÚ¾ÛŒÛ”	*Ø¢Ú‘Ùˆ	*Ø­Ø³ÛŒÙ†	D
354 355 356 357 358 359	flexible	a	"To succeed in this position, one needs to be flexible."	capable of being changed	able to flex; able to bend easily	flexible	flexible flexile			She has a flexible work schedule.	The flexible branches swayed in the breeze.	Ø§Ø³ Ú©Û’ Ù¾Ø§Ø³ Ú©Ø§Ù… Ú©Ø±Ù†Û’ Ú©Ø§ Ø§ÛŒÚ© Ù„Ú†Ú©Ø¯Ø§Ø± Ø´ÛŒÚˆÙˆÙ„ ÛÛ’Û”	Ù„Ú†Ú©Ø¯Ø§Ø± Ø´Ø§Ø®ÛŒÚº ÛÙˆØ§ Ù…ÛŒÚº Ù„ÛØ±Ø§ Ø±ÛÛŒ ØªÚ¾ÛŒÚºÛ”	Ù„Ú†Ú©Ø¯Ø§Ø±	*Ù„Ú†Ú©Ø¯Ø§Ø±	N
360 361 362 363 364 365	flexible	a	They are quite flexible when going to the gym.	capable of being changed	able to flex; able to bend easily	flexible	flexible flexile			She has a flexible work schedule.	The flexible branches swayed in the breeze.	Ø§Ø³ Ú©Û’ Ù¾Ø§Ø³ Ú©Ø§Ù… Ú©Ø±Ù†Û’ Ú©Ø§ Ø§ÛŒÚ© Ù„Ú†Ú©Ø¯Ø§Ø± Ø´ÛŒÚˆÙˆÙ„ ÛÛ’Û”	Ù„Ú†Ú©Ø¯Ø§Ø± Ø´Ø§Ø®ÛŒÚº ÛÙˆØ§ Ù…ÛŒÚº Ù„ÛØ±Ø§ Ø±ÛÛŒ ØªÚ¾ÛŒÚºÛ”	Ù„Ú†Ú©Ø¯Ø§Ø±	*Ù„Ú†Ú©Ø¯Ø§Ø±	N
366 367 368 369 370 371	flexible	a	They chose her for the role because she was incredibly flexible.	capable of being changed	able to flex; able to bend easily	flexible	flexible flexile			She has a flexible work schedule.	The flexible branches swayed in the breeze.	Ø§Ø³ Ú©Û’ Ù¾Ø§Ø³ Ú©Ø§Ù… Ú©Ø±Ù†Û’ Ú©Ø§ Ø§ÛŒÚ© Ù„Ú†Ú©Ø¯Ø§Ø± Ø´ÛŒÚˆÙˆÙ„ ÛÛ’Û”	Ù„Ú†Ú©Ø¯Ø§Ø± Ø´Ø§Ø®ÛŒÚº ÛÙˆØ§ Ù…ÛŒÚº Ù„ÛØ±Ø§ Ø±ÛÛŒ ØªÚ¾ÛŒÚºÛ”	Ù„Ú†Ú©Ø¯Ø§Ø±	*Ù„Ú†Ú©Ø¯Ø§Ø±	N
372 373 374 375 376 377	flexible	a	"At times, she can be flexible."	capable of being changed	able to flex; able to bend easily	flexible	flexible flexile			She has a flexible work schedule.	The flexible branches swayed in the breeze.	Ø§Ø³ Ú©Û’ Ù¾Ø§Ø³ Ú©Ø§Ù… Ú©Ø±Ù†Û’ Ú©Ø§ Ø§ÛŒÚ© Ù„Ú†Ú©Ø¯Ø§Ø± Ø´ÛŒÚˆÙˆÙ„ ÛÛ’Û”	Ù„Ú†Ú©Ø¯Ø§Ø± Ø´Ø§Ø®ÛŒÚº ÛÙˆØ§ Ù…ÛŒÚº Ù„ÛØ±Ø§ Ø±ÛÛŒ ØªÚ¾ÛŒÚºÛ”	Ù„Ú†Ú©Ø¯Ø§Ø±	*Ù„Ú†Ú©Ø¯Ø§Ø±	N
378 379 380 381 382 383	vision	n	Alex found it hard to clear his vision.	the ability to see; the visual faculty	the formation of a mental image of something that is not perceived as real and is not present to the senses	sight vision visual sense visual modality	imagination vision imaginativeness eyesight sight			Her vision is clearer with glasses.	Her vision of the future inspired everyone.	Ø¹ÛŒÙ†Ú© Ù„Ú¯Ø§Ù†Û’ Ø³Û’ Ø§Ø³ Ú©ÛŒ Ù†Ø¸Ø± ØµØ§Ù ÛÙˆ Ø¬Ø§ØªÛŒ ÛÛ’Û”	Ù…Ø³ØªÙ‚Ø¨Ù„ Ú©Û’ Ø¨Ø§Ø±Û’ Ù…ÛŒÚº Ø§Ø³ Ú©Û’ ØªØµÙˆØ± Ù†Û’ Ø³Ø¨ Ú©Ùˆ Ù…ØªØ§Ø«Ø± Ú©ÛŒØ§	*Ù†Ø¸Ø±	*ØªØµÙˆØ±	D
384 385 386 387 388 389	vision	n	He had a very clear vision.	the ability to see; the visual faculty	the formation of a mental image of something that is not perceived as real and is not present to the senses	sight vision visual sense visual modality	imagination vision imaginativeness eyesight sight			Her vision is clearer with glasses.	Her vision of the future inspired everyone.	Ø¹ÛŒÙ†Ú© Ù„Ú¯Ø§Ù†Û’ Ø³Û’ Ø§Ø³ Ú©ÛŒ Ù†Ø¸Ø± ØµØ§Ù ÛÙˆ Ø¬Ø§ØªÛŒ ÛÛ’Û”	Ù…Ø³ØªÙ‚Ø¨Ù„ Ú©Û’ Ø¨Ø§Ø±Û’ Ù…ÛŒÚº Ø§Ø³ Ú©Û’ ØªØµÙˆØ± Ù†Û’ Ø³Ø¨ Ú©Ùˆ Ù…ØªØ§Ø«Ø± Ú©ÛŒØ§	*Ù†Ø¸Ø±	*ØªØµÙˆØ±	D
390 391 392 393 394 395	pick	v	Harry had a bad tendency to pick without discernment or discrimination.	select carefully from a group	harass with constant criticism	pick	blame find fault pick			She had to pick a winner.	Stop picking on your classmates.	Ø§Ø³Û’ Ø§ÛŒÚ© ÙØ§ØªØ­ Ù…Ù†ØªØ®Ø¨ Ú©Ø±Ù†Ø§ Ù¾Ú‘Ø§Û”	Ø§Ù¾Ù†Û’ ÛÙ… Ø¬Ù…Ø§Ø¹ØªÙˆÚº Ú©Ùˆ ØªÙ†Ú¯ Ú©Ø±Ù†Ø§ Ø¨Ù†Ø¯ Ú©Ø±ÙˆÛ”	Ù…Ù†ØªØ®Ø¨	*ØªÙ†Ú¯	D
396 397 398 399 400 401	pick	v	He didn't know what she was going to pick.	select carefully from a group	pull lightly but sharply with a plucking motion	pick	pluck plunk pick			She had to pick a winner.	She will pick a string gently.	Ø§Ø³Û’ Ø§ÛŒÚ© ÙØ§ØªØ­ Ù…Ù†ØªØ®Ø¨ Ú©Ø±Ù†Ø§ Ù¾Ú‘Ø§Û”	ÙˆÛ Ø¢ÛØ³ØªÛ Ø³Û’ Ø§ÛŒÚ© ØªØ§Ø± Ú†Ú¾ÛŒÚ‘Û’ Ú¯ÛŒÛ”	Ù…Ù†ØªØ®Ø¨	*Ú†Ú¾ÛŒÚ‘Û’	D
402 403 404 405 406 407	pick	v	She had to pick the fruit from the tree before it fell.	select carefully from a group	pull lightly but sharply with a plucking motion	pick	pluck plunk pick			She had to pick a winner.	She will pick a string gently.	Ø§Ø³Û’ Ø§ÛŒÚ© ÙØ§ØªØ­ Ù…Ù†ØªØ®Ø¨ Ú©Ø±Ù†Ø§ Ù¾Ú‘Ø§Û”	ÙˆÛ Ø¢ÛØ³ØªÛ Ø³Û’ Ø§ÛŒÚ© ØªØ§Ø± Ú†Ú¾ÛŒÚ‘Û’ Ú¯ÛŒÛ”	Ù…Ù†ØªØ®Ø¨	*Ú†Ú¾ÛŒÚ‘Û’	D
408 409 410 411 412 413	croak	v	The frog began to croak.	pass from physical life and lose all bodily attributes and functions necessary to sustain life	"utter a hoarse sound, like a raven"	die decease perish go exit pass away expire pass kick the bucket cash in one's chips buy the farm conk give-up the ghost drop dead pop off choke croak snuff it cease to be demise go to meet ones maker join the choir invisible pass on ring down the curtain	croak cronk			He feared he might croak soon.	The raven began to croak loudly.	Ø§Ø³Û’ ÚˆØ± ØªÚ¾Ø§ Ú©Û ÙˆÛ Ø¬Ù„Ø¯ ÛÛŒ Ù…Ø± Ø¬Ø§Ø¦Û’ Ú¯Ø§Û”	Ú©ÙˆÙ‘Û’ Ù†Û’ Ø²ÙˆØ± Ø³Û’ Ú©Ø§Ø¦ÛŒÚº Ú©Ø§Ø¦ÛŒÚº Ú©Ø±Ù†Ø§ Ø´Ø±ÙˆØ¹ Ú©Ø± Ø¯ÛŒÛ”	*Ù…Ø±	*Ú©Ø§Ø¦ÛŒÚº Ú©Ø§Ø¦ÛŒÚº	D
414 415 416 417 418 419	croak	v	The boy thought his father had croaked.	pass from physical life and lose all bodily attributes and functions necessary to sustain life	make complaining remarks or noises under one's breath	die decease perish go exit pass away expire pass kick the bucket cash in one's chips buy the farm conk give-up the ghost drop dead pop off choke croak snuff it cease to be demise go to meet ones maker join the choir invisible pass on ring down the curtain	mutter grumble murmur croak gnarl			He feared he might croak soon.	She always croaks about her workload.	Ø§Ø³Û’ ÚˆØ± ØªÚ¾Ø§ Ú©Û ÙˆÛ Ø¬Ù„Ø¯ ÛÛŒ Ù…Ø± Ø¬Ø§Ø¦Û’ Ú¯Ø§Û”	ÙˆÛ ÛÙ…ÛŒØ´Û Ø§Ù¾Ù†Û’ Ú©Ø§Ù… Ú©Û’ Ø¨ÙˆØ¬Ú¾ Ú©Û’ Ø¨Ø§Ø±Û’ Ù…ÛŒÚº Ø´Ú©Ø§ÛŒØª Ú©Ø±ØªÛŒ ÛÛ’Û”	*Ù…Ø±	*Ø´Ú©Ø§ÛŒØª	D
420 421 422 423 424 425	pile	n	There was a good pile on it.	the yarn (as in a rug or velvet or corduroy) that stands up from the weave	a large sum of money (especially as pay or profit)	pile nap cut pile emerizing loop pile napped fabrics pile depth pile length sueding	megabucks big money pile bundle big bucks			The rug's pile is soft and lush.	He earned a nice pile selling stocks.	Ù‚Ø§Ù„ÛŒÙ† Ú©Ø§ ÚˆÚ¾ÛŒØ± Ù†Ø±Ù… Ø§ÙˆØ± Ø²Ø±Ø®ÛŒØ² ÛÛ’Û”	Ø§Ø³ Ù†Û’ Ø§Ø³Ù¹Ø§Ú© Ø¨ÛŒÚ† Ú©Ø± Ø§ÛŒÚ© Ø§Ú†Ú¾Ø§ ÚˆÚ¾ÛŒØ± Ú©Ù…Ø§ÛŒØ§Û”	ÚˆÚ¾ÛŒØ±	ÚˆÚ¾ÛŒØ±	N
426 427 428 429 430 431	pile	n	The workers moved the pile quickly to clear the area.	the yarn (as in a rug or velvet or corduroy) that stands up from the weave	a large sum of money (especially as pay or profit)	pile nap cut pile emerizing loop pile napped fabrics pile depth pile length sueding	megabucks big money pile bundle big bucks			The rug's pile is soft and lush.	He earned a nice pile selling stocks.	Ù‚Ø§Ù„ÛŒÙ† Ú©Ø§ ÚˆÚ¾ÛŒØ± Ù†Ø±Ù… Ø§ÙˆØ± Ø²Ø±Ø®ÛŒØ² ÛÛ’Û”	Ø§Ø³ Ù†Û’ Ø§Ø³Ù¹Ø§Ú© Ø¨ÛŒÚ† Ú©Ø± Ø§ÛŒÚ© Ø§Ú†Ú¾Ø§ ÚˆÚ¾ÛŒØ± Ú©Ù…Ø§ÛŒØ§Û”	ÚˆÚ¾ÛŒØ±	ÚˆÚ¾ÛŒØ±	N
432 433 434 435 436 437	rare	a	"Well, this particular steak has to be rare."	(of meat) cooked a short time; still red inside	recurring only at long intervals					I prefer my steak cooked rare.	A rare comet will pass by soon.	Ù…ÛŒÚº Ø§Ù¾Ù†Ø§ Ø³Ù¹ÛŒÚ© Ø§Ø¯Ú¾ Ù¾Ú©Ø§ Ù¾Ø³Ù†Ø¯ Ú©Ø±ØªØ§ ÛÙˆÚºÛ”	Ø§ÛŒÚ© Ù†Ø§ÛŒØ§Ø¨ Ø³ÛŒØ§Ø±Û Ø¬Ù„Ø¯ ÛÛŒ Ú¯Ø²Ø± Ø¬Ø§Ø¦Û’ Ú¯Ø§.	*Ø§Ø¯Ú¾ Ù¾Ú©Ø§	Ù†Ø§ÛŒØ§Ø¨	D
438 439 440 441 442 443	rare	a	"At the festival, she had a rare treat that she didn't come across very often."	(of meat) cooked a short time; still red inside	recurring only at long intervals					I prefer my steak cooked rare.	A rare comet will pass by soon.	Ù…ÛŒÚº Ø§Ù¾Ù†Ø§ Ø³Ù¹ÛŒÚ© Ø§Ø¯Ú¾ Ù¾Ú©Ø§ Ù¾Ø³Ù†Ø¯ Ú©Ø±ØªØ§ ÛÙˆÚºÛ”	Ø§ÛŒÚ© Ù†Ø§ÛŒØ§Ø¨ Ø³ÛŒØ§Ø±Û Ø¬Ù„Ø¯ ÛÛŒ Ú¯Ø²Ø± Ø¬Ø§Ø¦Û’ Ú¯Ø§.	*Ø§Ø¯Ú¾ Ù¾Ú©Ø§	Ù†Ø§ÛŒØ§Ø¨	D
444 445 446 447 448 449	rare	a	He had waited a long time to have this rare beef.	(of meat) cooked a short time; still red inside	recurring only at long intervals					I prefer my steak cooked rare.	A rare comet will pass by soon.	Ù…ÛŒÚº Ø§Ù¾Ù†Ø§ Ø³Ù¹ÛŒÚ© Ø§Ø¯Ú¾ Ù¾Ú©Ø§ Ù¾Ø³Ù†Ø¯ Ú©Ø±ØªØ§ ÛÙˆÚºÛ”	Ø§ÛŒÚ© Ù†Ø§ÛŒØ§Ø¨ Ø³ÛŒØ§Ø±Û Ø¬Ù„Ø¯ ÛÛŒ Ú¯Ø²Ø± Ø¬Ø§Ø¦Û’ Ú¯Ø§.	*Ø§Ø¯Ú¾ Ù¾Ú©Ø§	Ù†Ø§ÛŒØ§Ø¨	D
450 451 452 453 454 455	bill	n	The bill made contact with the table in a quick manner.	an itemized statement of money owed for goods shipped or services rendered	horny projecting mouth of a bird	bill invoice account note receipt balance due collective invoicing debit memo evaluated receipts settlement invoiced invoices invoicing invoicing bureau payment of bills utility bill	beak bill neb nib pecker rostrum	Ø¨Ù„	Ú†ÙˆÙ†Ú†	She received the bill yesterday.	The bird used its bill to forage.	Ø§Ø³Û’ Ú©Ù„ Ø¨Ù„ Ù…ÙˆØµÙˆÙ„ ÛÙˆØ§Û”	Ù¾Ø±Ù†Ø¯Û’ Ù†Û’ Ø®ÙˆØ±Ø§Ú© ØªÙ„Ø§Ø´ Ú©Ø±Ù†Û’ Ú©Û’ Ù„ÛŒÛ’ Ø§Ù¾Ù†ÛŒ Ú†ÙˆÙ†Ú† Ú©Ø§ Ø§Ø³ØªØ¹Ù…Ø§Ù„ Ú©ÛŒØ§Û”	Ø¨Ù„	*Ú†ÙˆÙ†Ú†	D
456 457 458 459 460 461	up	a	"By 6 a.m., she was already up and ready for the big exam."	out of bed	(usually followed by 'on' or 'for') in readiness					Get up and start your day.	She was up on her studies.	Ø§Ù¹Ú¾Ùˆ Ø§ÙˆØ± Ø§Ù¾Ù†Ø§ Ø¯Ù† Ø´Ø±ÙˆØ¹ Ú©Ø±ÙˆÛ”	ÙˆÛ Ø§Ù¾Ù†ÛŒ Ù¾Ú‘Ú¾Ø§Ø¦ÛŒ Ú©Û’ Ù„ÛŒÛ’ ØªÛŒØ§Ø± ØªÚ¾ÛŒÛ”	Ø§Ù¹Ú¾Ùˆ	*ØªÛŒØ§Ø±	D
462 463 464 465 466 467	up	a	He was up and eager to take on the day.	out of bed	(usually followed by 'on' or 'for') in readiness					Get up and start your day.	She was up on her studies.	Ø§Ù¹Ú¾Ùˆ Ø§ÙˆØ± Ø§Ù¾Ù†Ø§ Ø¯Ù† Ø´Ø±ÙˆØ¹ Ú©Ø±ÙˆÛ”	ÙˆÛ Ø§Ù¾Ù†ÛŒ Ù¾Ú‘Ú¾Ø§Ø¦ÛŒ Ú©Û’ Ù„ÛŒÛ’ ØªÛŒØ§Ø± ØªÚ¾ÛŒÛ”	Ø§Ù¹Ú¾Ùˆ	*ØªÛŒØ§Ø±	D
468 469 470 471 472 473	point	n	He got to the point.	a brief version of the essential meaning of something	sharp end	point	point			Make your point clearly and concisely.	He carefully carved the point of the stick.	Ø§Ù¾Ù†Û’ Ø®ÛŒØ§Ù„ Ú©Ùˆ ÙˆØ§Ø¶Ø­ Ø§ÙˆØ± Ù…Ø®ØªØµØ± Ø·ÙˆØ± Ù¾Ø± Ø¨ÛŒØ§Ù† Ú©Ø±ÛŒÚºÛ”	Ø§Ø³ Ù†Û’ Ú†Ú¾Ú‘ÛŒ Ú©ÛŒ Ù†ÙˆÚ© Ú©Ùˆ Ø§Ø­ØªÛŒØ§Ø· Ø³Û’ Ú©Ù†Ø¯Û Ú©ÛŒØ§Û”	Ø®ÛŒØ§Ù„	Ù†ÙˆÚ©	D
474 475 476 477 478 479	point	n	He took a long time to reach the point.	sharp end	a brief version of the essential meaning of something	point	point			He carefully carved the point of the stick.	Make your point clearly and concisely.	Ø§Ø³ Ù†Û’ Ú†Ú¾Ú‘ÛŒ Ú©ÛŒ Ù†ÙˆÚ© Ú©Ùˆ Ø§Ø­ØªÛŒØ§Ø· Ø³Û’ Ú©Ù†Ø¯Û Ú©ÛŒØ§Û”	Ø§Ù¾Ù†Û’ Ø®ÛŒØ§Ù„ Ú©Ùˆ ÙˆØ§Ø¶Ø­ Ø§ÙˆØ± Ù…Ø®ØªØµØ± Ø·ÙˆØ± Ù¾Ø± Ø¨ÛŒØ§Ù† Ú©Ø±ÛŒÚºÛ”	Ù†ÙˆÚ©	Ø®ÛŒØ§Ù„	D
480 481 482 483 484 485	point	n	"He did bring a knife, but there was no point."	the object of an activity	sharp end	point	point			What is the point of this meeting?	He carefully carved the point of the stick.	Ø§Ø³ Ù…Ù„Ø§Ù‚Ø§Øª Ú©Ø§ Ù…Ù‚ØµØ¯ Ú©ÛŒØ§ ÛÛ’ØŸ	Ø§Ø³ Ù†Û’ Ú†Ú¾Ú‘ÛŒ Ú©ÛŒ Ù†ÙˆÚ© Ú©Ùˆ Ø§Ø­ØªÛŒØ§Ø· Ø³Û’ Ú©Ù†Ø¯Û Ú©ÛŒØ§Û”	Ù…Ù‚ØµØ¯	Ù†ÙˆÚ©	D
486 487 488 489 490 491	point	n	They tried their hardest to avoid the point.	sharp end	a brief version of the essential meaning of something	point	point			He carefully carved the point of the stick.	Make your point clearly and concisely.	Ø§Ø³ Ù†Û’ Ú†Ú¾Ú‘ÛŒ Ú©ÛŒ Ù†ÙˆÚ© Ú©Ùˆ Ø§Ø­ØªÛŒØ§Ø· Ø³Û’ Ú©Ù†Ø¯Û Ú©ÛŒØ§Û”	Ø§Ù¾Ù†Û’ Ø®ÛŒØ§Ù„ Ú©Ùˆ ÙˆØ§Ø¶Ø­ Ø§ÙˆØ± Ù…Ø®ØªØµØ± Ø·ÙˆØ± Ù¾Ø± Ø¨ÛŒØ§Ù† Ú©Ø±ÛŒÚºÛ”	Ù†ÙˆÚ©	Ø®ÛŒØ§Ù„	D
492 493 494 495 496 497	plant	n	The guy in the crowd appeared to be next to a plant.	an actor situated in the audience whose acting is rehearsed but seems spontaneous to the audience	(botany) a living organism lacking the power of locomotion	plant	"plant flora plant life plant species vegetation green plant green plants kingdom plantae planta plantae plants antigens, plant external factors plant florae floras florÃ¦ kinds of plants kingdom vegetable mazonipterus metaphyta phyto plant-life plant cultivation plant diversity plant product plant production plantes plantÃ¦ platn simple plants vegetabilia"		Ù†Ø¨Ø§ØªØ§Øª Ù†Ø¨Ø§Øª Ù†Ø¨Ø§ØªÙŠ Ù†Ø¨Ø§ØªÙŠØ§ØªÙŠ Ù†Ø¨Ø§ØªÛŒ Ù†Ø¨Ø§ØªÛŒØ§ØªÛŒ Ù¾ÙˆØ¯Ø§ Ù¾ÙˆØ¯ÙˆÚº Ù¾ÙˆØ¯Û Ù¾ÙˆØ¯Û’	The comedian used a plant in the crowd.	The garden has a beautiful plant.	Ú©Ø§Ù…ÛŒÚˆÛŒÙ† Ù†Û’ Ù…Ø¬Ù…Ø¹ Ù…ÛŒÚº Ø§Ù¾Ù†Û’ Ø¢Ø¯Ù…ÛŒ Ú©Ø§ Ø§Ø³ØªØ¹Ù…Ø§Ù„ Ú©ÛŒØ§Û”	Ø¨Ø§Øº Ù…ÛŒÚº Ø§ÛŒÚ© Ø®ÙˆØ¨ØµÙˆØ±Øª Ù¾ÙˆØ¯Û ÛÛ’.	*Ø¢Ø¯Ù…ÛŒ	Ù¾ÙˆØ¯Û	D
498 499 500 501 502 503	plant	n	He could see a plant from his window.	an actor situated in the audience whose acting is rehearsed but seems spontaneous to the audience	(botany) a living organism lacking the power of locomotion	plant	"plant flora plant life plant species vegetation green plant green plants kingdom plantae planta plantae plants antigens, plant external factors plant florae floras florÃ¦ kinds of plants kingdom vegetable mazonipterus metaphyta phyto plant-life plant cultivation plant diversity plant product plant production plantes plantÃ¦ platn simple plants vegetabilia"		Ù†Ø¨Ø§ØªØ§Øª Ù†Ø¨Ø§Øª Ù†Ø¨Ø§ØªÙŠ Ù†Ø¨Ø§ØªÙŠØ§ØªÙŠ Ù†Ø¨Ø§ØªÛŒ Ù†Ø¨Ø§ØªÛŒØ§ØªÛŒ Ù¾ÙˆØ¯Ø§ Ù¾ÙˆØ¯ÙˆÚº Ù¾ÙˆØ¯Û Ù¾ÙˆØ¯Û’	The comedian used a plant in the crowd.	The garden has a beautiful plant.	Ú©Ø§Ù…ÛŒÚˆÛŒÙ† Ù†Û’ Ù…Ø¬Ù…Ø¹ Ù…ÛŒÚº Ø§Ù¾Ù†Û’ Ø¢Ø¯Ù…ÛŒ Ú©Ø§ Ø§Ø³ØªØ¹Ù…Ø§Ù„ Ú©ÛŒØ§Û”	Ø¨Ø§Øº Ù…ÛŒÚº Ø§ÛŒÚ© Ø®ÙˆØ¨ØµÙˆØ±Øª Ù¾ÙˆØ¯Û ÛÛ’.	*Ø¢Ø¯Ù…ÛŒ	Ù¾ÙˆØ¯Û	D
504 505 506 507 508 509	plant	n	The plant in the theatre went unnoticed.	an actor situated in the audience whose acting is rehearsed but seems spontaneous to the audience	(botany) a living organism lacking the power of locomotion	plant	"plant flora plant life plant species vegetation green plant green plants kingdom plantae planta plantae plants antigens, plant external factors plant florae floras florÃ¦ kinds of plants kingdom vegetable mazonipterus metaphyta phyto plant-life plant cultivation plant diversity plant product plant production plantes plantÃ¦ platn simple plants vegetabilia"		Ù†Ø¨Ø§ØªØ§Øª Ù†Ø¨Ø§Øª Ù†Ø¨Ø§ØªÙŠ Ù†Ø¨Ø§ØªÙŠØ§ØªÙŠ Ù†Ø¨Ø§ØªÛŒ Ù†Ø¨Ø§ØªÛŒØ§ØªÛŒ Ù¾ÙˆØ¯Ø§ Ù¾ÙˆØ¯ÙˆÚº Ù¾ÙˆØ¯Û Ù¾ÙˆØ¯Û’	The comedian used a plant in the crowd.	The garden has a beautiful plant.	Ú©Ø§Ù…ÛŒÚˆÛŒÙ† Ù†Û’ Ù…Ø¬Ù…Ø¹ Ù…ÛŒÚº Ø§Ù¾Ù†Û’ Ø¢Ø¯Ù…ÛŒ Ú©Ø§ Ø§Ø³ØªØ¹Ù…Ø§Ù„ Ú©ÛŒØ§Û”	Ø¨Ø§Øº Ù…ÛŒÚº Ø§ÛŒÚ© Ø®ÙˆØ¨ØµÙˆØ±Øª Ù¾ÙˆØ¯Û ÛÛ’.	*Ø¢Ø¯Ù…ÛŒ	Ù¾ÙˆØ¯Û	D
510 511 512 513 514 515	picture	n	The picture she presented at the meeting was both striking and thought-provoking.	a visual representation (of an object or scene or person or abstraction) produced on a surface	a situation treated as an observable object	image picture icon ikon design drawing figure illustration map pattern portraiture images graphic imake 2d image optical image piccas pictorial pictorial script pictorial work pictorial works picture! picture function pictures pikturs pitcure still image three-dimensional images volatile image ğŸ–¼ ğŸ–¼ï¸	picture scene	ØªØµÙˆÛŒØ± image ØªØµÙˆÙŠØ±		She shared a beautiful picture of the sunset.	The economic picture is improving steadily.	Ø§Ù†ÛÙˆÚº Ù†Û’ ØºØ±ÙˆØ¨ Ø¢ÙØªØ§Ø¨ Ú©ÛŒ Ø§ÛŒÚ© Ø®ÙˆØ¨ØµÙˆØ±Øª ØªØµÙˆÛŒØ± Ø´ÛŒØ¦Ø± Ú©ÛŒ.	Ù…Ø¹Ø§Ø´ÛŒ ØµÙˆØ±Øª Ø­Ø§Ù„ Ù…ÛŒÚº Ù…Ø³Ù„Ø³Ù„ Ø¨ÛØªØ±ÛŒ Ø¢Ø±ÛÛŒ ÛÛ’Û”	ØªØµÙˆÛŒØ±	ØµÙˆØ±Øª Ø­Ø§Ù„	D
516 517 518 519 520 521	picture	v	He pictured all of them together.	imagine; conceive of; see in one's mind	"show in, or as in, a picture"	envision fancy picture visualize visualise project see figure image	picture depict render show			I can picture our future together.	The mural will picture a peaceful landscape.	Ù…ÛŒÚº ÛÙ…Ø§Ø±Û’ Ø§Ú©Ù¹Ú¾Û’ Ù…Ø³ØªÙ‚Ø¨Ù„ Ú©Ø§ ØªØµÙˆØ± Ú©Ø± Ø³Ú©ØªØ§ ÛÙˆÚºÛ” 	Ù…ÛŒÙˆØ±Ù„ Ø§ÛŒÚ© Ù¾Ø± Ø³Ú©ÙˆÙ† Ù…Ù†Ø¸Ø± Ú©ÛŒ Ø¹Ú©Ø§Ø³ÛŒ Ú©Ø±Û’ Ú¯Ø§Û”	ØªØµÙˆØ±	*Ø¹Ú©Ø§Ø³ÛŒ	D
522 523 524 525 526 527	goal	n	He was successful in achieving his goal in the match.	the state of affairs that a plan is intended to achieve and that (when achieved) terminates behavior intended to achieve it	a successful attempt at scoring	goal end goal-like entity aim goals goal displacement goal management in organizations long-term goal long term goal personal goals primary objective short-term goal short term goal subgoal	goal garbage goal hockey goal	Ù…Ù‚ØµØ¯ ÛØ¯Ù		Achieving your goal is essential for success.	She scored the winning goal yesterday.	Ø§Ù¾Ù†Û’ Ù…Ù‚ØµØ¯ Ú©Ùˆ Ø­Ø§ØµÙ„ Ú©Ø±Ù†Ø§ Ú©Ø§Ù…ÛŒØ§Ø¨ÛŒ Ú©Û’ Ù„ÛŒÛ’ Ø¶Ø±ÙˆØ±ÛŒ ÛÛ’	Ø§Ù†ÛÙˆÚº Ù†Û’ Ú©Ù„ Ø¬ÛŒØª Ú©Ø§ Ú¯ÙˆÙ„ Ú©ÛŒØ§.	Ù…Ù‚ØµØ¯	Ú¯ÙˆÙ„	D
528 529 530 531 532 533	goal	n	The goalkeeper had reached his goal.	the state of affairs that a plan is intended to achieve and that (when achieved) terminates behavior intended to achieve it	a successful attempt at scoring	goal end goal-like entity aim goals goal displacement goal management in organizations long-term goal long term goal personal goals primary objective short-term goal short term goal subgoal	goal garbage goal hockey goal	Ù…Ù‚ØµØ¯ ÛØ¯Ù		Achieving your goal is essential for success.	She scored the winning goal yesterday.	Ø§Ù¾Ù†Û’ Ù…Ù‚ØµØ¯ Ú©Ùˆ Ø­Ø§ØµÙ„ Ú©Ø±Ù†Ø§ Ú©Ø§Ù…ÛŒØ§Ø¨ÛŒ Ú©Û’ Ù„ÛŒÛ’ Ø¶Ø±ÙˆØ±ÛŒ ÛÛ’	Ø§Ù†ÛÙˆÚº Ù†Û’ Ú©Ù„ Ø¬ÛŒØª Ú©Ø§ Ú¯ÙˆÙ„ Ú©ÛŒØ§.	Ù…Ù‚ØµØ¯	Ú¯ÙˆÙ„	D
534 535 536 537 538 539	goal	n	"After years of hard work, his goal finally came in the last minute."	the state of affairs that a plan is intended to achieve and that (when achieved) terminates behavior intended to achieve it	a successful attempt at scoring	goal end goal-like entity aim goals goal displacement goal management in organizations long-term goal long term goal personal goals primary objective short-term goal short term goal subgoal	goal garbage goal hockey goal	Ù…Ù‚ØµØ¯ ÛØ¯Ù		Achieving your goal is essential for success.	She scored the winning goal yesterday.	Ø§Ù¾Ù†Û’ Ù…Ù‚ØµØ¯ Ú©Ùˆ Ø­Ø§ØµÙ„ Ú©Ø±Ù†Ø§ Ú©Ø§Ù…ÛŒØ§Ø¨ÛŒ Ú©Û’ Ù„ÛŒÛ’ Ø¶Ø±ÙˆØ±ÛŒ ÛÛ’	Ø§Ù†ÛÙˆÚº Ù†Û’ Ú©Ù„ Ø¬ÛŒØª Ú©Ø§ Ú¯ÙˆÙ„ Ú©ÛŒØ§.	Ù…Ù‚ØµØ¯	Ú¯ÙˆÙ„	D
540 541 542 543 544 545	log	n	"Some wood had gone missing from the warehouse, and John was desperately trying to locate the logs."	a segment of the trunk of a tree when stripped of branches	a written record of messages sent or received	log	log			The firewood was made from a log.	Please update the log daily.	ÛŒÛ Ù„Ú©Ú‘ÛŒ Ø§ÛŒÚ© Ù„Ù¹Ú¾Û’ Ø³Û’ Ú©Ø§Ù¹ÛŒ Ú¯Ø¦ÛŒ ØªÚ¾ÛŒÛ”	Ø¨Ø±Ø§Û Ú©Ø±Ù… Ø±ÙˆØ²Ø§Ù†Û Ø±ÛŒÚ©Ø§Ø±Úˆ Ø§Ù¾ ÚˆÛŒÙ¹ Ú©Ø±ÛŒÚºÛ”	*Ù„Ù¹Ú¾Û’	*Ø±ÛŒÚ©Ø§Ø±Úˆ	D
546 547 548 549 550 551	log	n	They discovered an old log near the shore that revealed a lot about the past.	a segment of the trunk of a tree when stripped of branches	a written record of events on a voyage (of a ship or plane)	log	log			The firewood was made from a log.	The captain maintained a detailed log.	ÛŒÛ Ù„Ú©Ú‘ÛŒ Ø§ÛŒÚ© Ù„Ù¹Ú¾Û’ Ø³Û’ Ú©Ø§Ù¹ÛŒ Ú¯Ø¦ÛŒ ØªÚ¾ÛŒÛ”	Ø¨Ø±Ø§Û Ú©Ø±Ù… Ø±ÙˆØ²Ø§Ù†Û Ø±ÛŒÚ©Ø§Ø±Úˆ Ø§Ù¾ ÚˆÛŒÙ¹ Ú©Ø±ÛŒÚºÛ”	*Ù„Ù¹Ú¾Û’	*Ø±ÛŒÚ©Ø§Ø±Úˆ	D
552 553 554 555 556 557	log	n	She enjoys her collection of logs.	a segment of the trunk of a tree when stripped of branches	a written record of events on a voyage (of a ship or plane)	log	log			The firewood was made from a log.	The captain maintained a detailed log.	ÛŒÛ Ù„Ú©Ú‘ÛŒ Ø§ÛŒÚ© Ù„Ù¹Ú¾Û’ Ø³Û’ Ú©Ø§Ù¹ÛŒ Ú¯Ø¦ÛŒ ØªÚ¾ÛŒÛ”	Ø¨Ø±Ø§Û Ú©Ø±Ù… Ø±ÙˆØ²Ø§Ù†Û Ø±ÛŒÚ©Ø§Ø±Úˆ Ø§Ù¾ ÚˆÛŒÙ¹ Ú©Ø±ÛŒÚºÛ”	*Ù„Ù¹Ú¾Û’	*Ø±ÛŒÚ©Ø§Ø±Úˆ	D
558 559 560 561 562 563	identity	n	"The identities did not change, given the circumstances."	the distinct personality of an individual regarded as a persisting entity	an operator that leaves unchanged the element on which it operates	personal identity identity individuality bundle theory of the self continuity of identity personal continuity self-identified self-identify	identity element identity operator identity function identity identity map identity transformation neutral element id identity relation f(x)=x identity mapping identity operation identity symmetry operator left-identity left and right identity left and right unity of ring left identity left identity and right identity left identity element multiplicative identity right identity right identity element two-sided identity			She struggled to maintain her identity.	The number one serves as the identity.	Ø§Ø³ Ù†Û’ Ø§Ù¾Ù†ÛŒ Ø´Ù†Ø§Ø®Øª Ø¨Ø±Ù‚Ø±Ø§Ø± Ø±Ú©Ú¾Ù†Û’ Ú©Û’ Ù„ÛŒÛ’ Ø¬Ø¯ÙˆØ¬ÛØ¯ Ú©ÛŒÛ”	Ù†Ù…Ø¨Ø± Ø§ÛŒÚ© Ø´Ù†Ø§Ø®Øª Ú©Û’ Ø·ÙˆØ± Ù¾Ø± Ú©Ø§Ù… Ú©Ø±ØªØ§ ÛÛ’.	Ø´Ù†Ø§Ø®Øª	Ø´Ù†Ø§Ø®Øª	N
564 565 566 567 568 569	trailer	n	That trailer is good to look at.	an advertisement consisting of short scenes from a motion picture that will appear in the near future	a wheeled vehicle that can be pulled by a car or truck and is equipped for occupancy	trailer preview prevue film previews announcement trailer boektrailer boektrailers book trailer book video book videos bookpeek bookshort booktrailer bookvideo buchtrailer cinematic book trailer cinematic book trailers film preview film trailer film trailers game trailer green band litvid movie trailer movie trailers peek-a-book previewman previews of coming attractions red-band red-band trailers red band red band trailer red band trailers theatrical trailer video game trailer vidlit yellow band	trailer house trailer house trailers			I watched the new movie trailer online.	They traveled cross-country in their trailer.	Ù…ÛŒÚº Ù†Û’ Ù†Ø¦ÛŒ ÙÙ„Ù… Ú©Ø§ Ù¹Ø±ÛŒÙ„Ø± Ø¢Ù† Ù„Ø§Ø¦Ù† Ø¯ÛŒÚ©Ú¾Ø§.	Ø§Ù†ÛÙˆÚº Ù†Û’ Ø§Ù¾Ù†Û’ Ù¹Ø±ÛŒÙ„Ø± Ù…ÛŒÚº Ù…Ù„Ú© Ø¨Ú¾Ø± Ú©Ø§ Ø³ÙØ± Ú©ÛŒØ§Û”	Ù¹Ø±ÛŒÙ„Ø±	Ù¹Ø±ÛŒÙ„Ø±	N
570 571 572 573 574 575	trailer	n	She watched the trailer carefully.	an advertisement consisting of short scenes from a motion picture that will appear in the near future	a wheeled vehicle that can be pulled by a car or truck and is equipped for occupancy	trailer preview prevue film previews announcement trailer boektrailer boektrailers book trailer book video book videos bookpeek bookshort booktrailer bookvideo buchtrailer cinematic book trailer cinematic book trailers film preview film trailer film trailers game trailer green band litvid movie trailer movie trailers peek-a-book previewman previews of coming attractions red-band red-band trailers red band red band trailer red band trailers theatrical trailer video game trailer vidlit yellow band	trailer house trailer house trailers			I watched the new movie trailer online.	They traveled cross-country in their trailer.	Ù…ÛŒÚº Ù†Û’ Ù†Ø¦ÛŒ ÙÙ„Ù… Ú©Ø§ Ù¹Ø±ÛŒÙ„Ø± Ø¢Ù† Ù„Ø§Ø¦Ù† Ø¯ÛŒÚ©Ú¾Ø§.	Ø§Ù†ÛÙˆÚº Ù†Û’ Ø§Ù¾Ù†Û’ Ù¹Ø±ÛŒÙ„Ø± Ù…ÛŒÚº Ù…Ù„Ú© Ø¨Ú¾Ø± Ú©Ø§ Ø³ÙØ± Ú©ÛŒØ§Û”	Ù¹Ø±ÛŒÙ„Ø±	Ù¹Ø±ÛŒÙ„Ø±	N
576 577 578 579 580 581	trailer	n	"At the drive-in movie, they looked at the trailer in front of them."	an advertisement consisting of short scenes from a motion picture that will appear in the near future	a wheeled vehicle that can be pulled by a car or truck and is equipped for occupancy	trailer preview prevue film previews announcement trailer boektrailer boektrailers book trailer book video book videos bookpeek bookshort booktrailer bookvideo buchtrailer cinematic book trailer cinematic book trailers film preview film trailer film trailers game trailer green band litvid movie trailer movie trailers peek-a-book previewman previews of coming attractions red-band red-band trailers red band red band trailer red band trailers theatrical trailer video game trailer vidlit yellow band	trailer house trailer house trailers			I watched the new movie trailer online.	They traveled cross-country in their trailer.	Ù…ÛŒÚº Ù†Û’ Ù†Ø¦ÛŒ ÙÙ„Ù… Ú©Ø§ Ù¹Ø±ÛŒÙ„Ø± Ø¢Ù† Ù„Ø§Ø¦Ù† Ø¯ÛŒÚ©Ú¾Ø§.	Ø§Ù†ÛÙˆÚº Ù†Û’ Ø§Ù¾Ù†Û’ Ù¹Ø±ÛŒÙ„Ø± Ù…ÛŒÚº Ù…Ù„Ú© Ø¨Ú¾Ø± Ú©Ø§ Ø³ÙØ± Ú©ÛŒØ§Û”	Ù¹Ø±ÛŒÙ„Ø±	Ù¹Ø±ÛŒÙ„Ø±	N
582 583 584 585 586 587	trailer	n	She really didn't want to go to the trailer tonight.	an advertisement consisting of short scenes from a motion picture that will appear in the near future	a wheeled vehicle that can be pulled by a car or truck and is equipped for occupancy	trailer preview prevue film previews announcement trailer boektrailer boektrailers book trailer book video book videos bookpeek bookshort booktrailer bookvideo buchtrailer cinematic book trailer cinematic book trailers film preview film trailer film trailers game trailer green band litvid movie trailer movie trailers peek-a-book previewman previews of coming attractions red-band red-band trailers red band red band trailer red band trailers theatrical trailer video game trailer vidlit yellow band	trailer house trailer house trailers			I watched the new movie trailer online.	They traveled cross-country in their trailer.	Ù…ÛŒÚº Ù†Û’ Ù†Ø¦ÛŒ ÙÙ„Ù… Ú©Ø§ Ù¹Ø±ÛŒÙ„Ø± Ø¢Ù† Ù„Ø§Ø¦Ù† Ø¯ÛŒÚ©Ú¾Ø§.	Ø§Ù†ÛÙˆÚº Ù†Û’ Ø§Ù¾Ù†Û’ Ù¹Ø±ÛŒÙ„Ø± Ù…ÛŒÚº Ù…Ù„Ú© Ø¨Ú¾Ø± Ú©Ø§ Ø³ÙØ± Ú©ÛŒØ§Û”	Ù¹Ø±ÛŒÙ„Ø±	Ù¹Ø±ÛŒÙ„Ø±	N